academic_year,region_czso_id,region_name,url_czso,url_json
2006,3018,Hlavní m?sto Praha,https://vdb.czso.cz/vdbvo2/faces/cs/index.jsf?page=vystup-objekt&z=T&f=TABULKA&pvo=VZD16b&c=v3~15__RP2006&u=v23__VUZEMI__100__3018,"""https://vdb.czso.cz/vdbvo2/faces/cs/index.jsf?page=vystup-objekt&z=T&f=TABULKA&pvo=VZD16b&c=v3~15__RP2006&u=v23__VUZEMI__100__3018"","
2006,3026,St?edo?eský kraj,https://vdb.czso.cz/vdbvo2/faces/cs/index.jsf?page=vystup-objekt&z=T&f=TABULKA&pvo=VZD16b&c=v3~15__RP2006&u=v23__VUZEMI__100__3026,"""https://vdb.czso.cz/vdbvo2/faces/cs/index.jsf?page=vystup-objekt&z=T&f=TABULKA&pvo=VZD16b&c=v3~15__RP2006&u=v23__VUZEMI__100__3026"","
2006,3034,Jiho?eský kraj,https://vdb.czso.cz/vdbvo2/faces/cs/index.jsf?page=vystup-objekt&z=T&f=TABULKA&pvo=VZD16b&c=v3~15__RP2006&u=v23__VUZEMI__100__3034,"""https://vdb.czso.cz/vdbvo2/faces/cs/index.jsf?page=vystup-objekt&z=T&f=TABULKA&pvo=VZD16b&c=v3~15__RP2006&u=v23__VUZEMI__100__3034"","
2006,3042,Plze?ský kraj,https://vdb.czso.cz/vdbvo2/faces/cs/index.jsf?page=vystup-objekt&z=T&f=TABULKA&pvo=VZD16b&c=v3~15__RP2006&u=v23__VUZEMI__100__3042,"""https://vdb.czso.cz/vdbvo2/faces/cs/index.jsf?page=vystup-objekt&z=T&f=TABULKA&pvo=VZD16b&c=v3~15__RP2006&u=v23__VUZEMI__100__3042"","
2006,3051,Karlovarský kraj,https://vdb.czso.cz/vdbvo2/faces/cs/index.jsf?page=vystup-objekt&z=T&f=TABULKA&pvo=VZD16b&c=v3~15__RP2006&u=v23__VUZEMI__100__3051,"""https://vdb.czso.cz/vdbvo2/faces/cs/index.jsf?page=vystup-objekt&z=T&f=TABULKA&pvo=VZD16b&c=v3~15__RP2006&u=v23__VUZEMI__100__3051"","
2006,3069,Ústecký kraj,https://vdb.czso.cz/vdbvo2/faces/cs/index.jsf?page=vystup-objekt&z=T&f=TABULKA&pvo=VZD16b&c=v3~15__RP2006&u=v23__VUZEMI__100__3069,"""https://vdb.czso.cz/vdbvo2/faces/cs/index.jsf?page=vystup-objekt&z=T&f=TABULKA&pvo=VZD16b&c=v3~15__RP2006&u=v23__VUZEMI__100__3069"","
2006,3077,Liberecký kraj,https://vdb.czso.cz/vdbvo2/faces/cs/index.jsf?page=vystup-objekt&z=T&f=TABULKA&pvo=VZD16b&c=v3~15__RP2006&u=v23__VUZEMI__100__3077,"""https://vdb.czso.cz/vdbvo2/faces/cs/index.jsf?page=vystup-objekt&z=T&f=TABULKA&pvo=VZD16b&c=v3~15__RP2006&u=v23__VUZEMI__100__3077"","
2006,3085,Královéhradecký kraj,https://vdb.czso.cz/vdbvo2/faces/cs/index.jsf?page=vystup-objekt&z=T&f=TABULKA&pvo=VZD16b&c=v3~15__RP2006&u=v23__VUZEMI__100__3085,"""https://vdb.czso.cz/vdbvo2/faces/cs/index.jsf?page=vystup-objekt&z=T&f=TABULKA&pvo=VZD16b&c=v3~15__RP2006&u=v23__VUZEMI__100__3085"","
2006,3093,Pardubický kraj,https://vdb.czso.cz/vdbvo2/faces/cs/index.jsf?page=vystup-objekt&z=T&f=TABULKA&pvo=VZD16b&c=v3~15__RP2006&u=v23__VUZEMI__100__3093,"""https://vdb.czso.cz/vdbvo2/faces/cs/index.jsf?page=vystup-objekt&z=T&f=TABULKA&pvo=VZD16b&c=v3~15__RP2006&u=v23__VUZEMI__100__3093"","
2006,3107,Kraj Vyso?ina,https://vdb.czso.cz/vdbvo2/faces/cs/index.jsf?page=vystup-objekt&z=T&f=TABULKA&pvo=VZD16b&c=v3~15__RP2006&u=v23__VUZEMI__100__3107,"""https://vdb.czso.cz/vdbvo2/faces/cs/index.jsf?page=vystup-objekt&z=T&f=TABULKA&pvo=VZD16b&c=v3~15__RP2006&u=v23__VUZEMI__100__3107"","
2006,3115,Jihomoravský kraj,https://vdb.czso.cz/vdbvo2/faces/cs/index.jsf?page=vystup-objekt&z=T&f=TABULKA&pvo=VZD16b&c=v3~15__RP2006&u=v23__VUZEMI__100__3115,"""https://vdb.czso.cz/vdbvo2/faces/cs/index.jsf?page=vystup-objekt&z=T&f=TABULKA&pvo=VZD16b&c=v3~15__RP2006&u=v23__VUZEMI__100__3115"","
2006,3123,Olomoucký kraj,https://vdb.czso.cz/vdbvo2/faces/cs/index.jsf?page=vystup-objekt&z=T&f=TABULKA&pvo=VZD16b&c=v3~15__RP2006&u=v23__VUZEMI__100__3123,"""https://vdb.czso.cz/vdbvo2/faces/cs/index.jsf?page=vystup-objekt&z=T&f=TABULKA&pvo=VZD16b&c=v3~15__RP2006&u=v23__VUZEMI__100__3123"","
2006,3131,Zlínský kraj,https://vdb.czso.cz/vdbvo2/faces/cs/index.jsf?page=vystup-objekt&z=T&f=TABULKA&pvo=VZD16b&c=v3~15__RP2006&u=v23__VUZEMI__100__3131,"""https://vdb.czso.cz/vdbvo2/faces/cs/index.jsf?page=vystup-objekt&z=T&f=TABULKA&pvo=VZD16b&c=v3~15__RP2006&u=v23__VUZEMI__100__3131"","
2006,3140,Moravskoslezský kraj,https://vdb.czso.cz/vdbvo2/faces/cs/index.jsf?page=vystup-objekt&z=T&f=TABULKA&pvo=VZD16b&c=v3~15__RP2006&u=v23__VUZEMI__100__3140,"""https://vdb.czso.cz/vdbvo2/faces/cs/index.jsf?page=vystup-objekt&z=T&f=TABULKA&pvo=VZD16b&c=v3~15__RP2006&u=v23__VUZEMI__100__3140"","
2007,3018,Hlavní m?sto Praha,https://vdb.czso.cz/vdbvo2/faces/cs/index.jsf?page=vystup-objekt&z=T&f=TABULKA&pvo=VZD16b&c=v3~15__RP2007&u=v23__VUZEMI__100__3018,"""https://vdb.czso.cz/vdbvo2/faces/cs/index.jsf?page=vystup-objekt&z=T&f=TABULKA&pvo=VZD16b&c=v3~15__RP2007&u=v23__VUZEMI__100__3018"","
2007,3026,St?edo?eský kraj,https://vdb.czso.cz/vdbvo2/faces/cs/index.jsf?page=vystup-objekt&z=T&f=TABULKA&pvo=VZD16b&c=v3~15__RP2007&u=v23__VUZEMI__100__3026,"""https://vdb.czso.cz/vdbvo2/faces/cs/index.jsf?page=vystup-objekt&z=T&f=TABULKA&pvo=VZD16b&c=v3~15__RP2007&u=v23__VUZEMI__100__3026"","
2007,3034,Jiho?eský kraj,https://vdb.czso.cz/vdbvo2/faces/cs/index.jsf?page=vystup-objekt&z=T&f=TABULKA&pvo=VZD16b&c=v3~15__RP2007&u=v23__VUZEMI__100__3034,"""https://vdb.czso.cz/vdbvo2/faces/cs/index.jsf?page=vystup-objekt&z=T&f=TABULKA&pvo=VZD16b&c=v3~15__RP2007&u=v23__VUZEMI__100__3034"","
2007,3042,Plze?ský kraj,https://vdb.czso.cz/vdbvo2/faces/cs/index.jsf?page=vystup-objekt&z=T&f=TABULKA&pvo=VZD16b&c=v3~15__RP2007&u=v23__VUZEMI__100__3042,"""https://vdb.czso.cz/vdbvo2/faces/cs/index.jsf?page=vystup-objekt&z=T&f=TABULKA&pvo=VZD16b&c=v3~15__RP2007&u=v23__VUZEMI__100__3042"","
2007,3051,Karlovarský kraj,https://vdb.czso.cz/vdbvo2/faces/cs/index.jsf?page=vystup-objekt&z=T&f=TABULKA&pvo=VZD16b&c=v3~15__RP2007&u=v23__VUZEMI__100__3051,"""https://vdb.czso.cz/vdbvo2/faces/cs/index.jsf?page=vystup-objekt&z=T&f=TABULKA&pvo=VZD16b&c=v3~15__RP2007&u=v23__VUZEMI__100__3051"","
2007,3069,Ústecký kraj,https://vdb.czso.cz/vdbvo2/faces/cs/index.jsf?page=vystup-objekt&z=T&f=TABULKA&pvo=VZD16b&c=v3~15__RP2007&u=v23__VUZEMI__100__3069,"""https://vdb.czso.cz/vdbvo2/faces/cs/index.jsf?page=vystup-objekt&z=T&f=TABULKA&pvo=VZD16b&c=v3~15__RP2007&u=v23__VUZEMI__100__3069"","
2007,3077,Liberecký kraj,https://vdb.czso.cz/vdbvo2/faces/cs/index.jsf?page=vystup-objekt&z=T&f=TABULKA&pvo=VZD16b&c=v3~15__RP2007&u=v23__VUZEMI__100__3077,"""https://vdb.czso.cz/vdbvo2/faces/cs/index.jsf?page=vystup-objekt&z=T&f=TABULKA&pvo=VZD16b&c=v3~15__RP2007&u=v23__VUZEMI__100__3077"","
2007,3085,Královéhradecký kraj,https://vdb.czso.cz/vdbvo2/faces/cs/index.jsf?page=vystup-objekt&z=T&f=TABULKA&pvo=VZD16b&c=v3~15__RP2007&u=v23__VUZEMI__100__3085,"""https://vdb.czso.cz/vdbvo2/faces/cs/index.jsf?page=vystup-objekt&z=T&f=TABULKA&pvo=VZD16b&c=v3~15__RP2007&u=v23__VUZEMI__100__3085"","
2007,3093,Pardubický kraj,https://vdb.czso.cz/vdbvo2/faces/cs/index.jsf?page=vystup-objekt&z=T&f=TABULKA&pvo=VZD16b&c=v3~15__RP2007&u=v23__VUZEMI__100__3093,"""https://vdb.czso.cz/vdbvo2/faces/cs/index.jsf?page=vystup-objekt&z=T&f=TABULKA&pvo=VZD16b&c=v3~15__RP2007&u=v23__VUZEMI__100__3093"","
2007,3107,Kraj Vyso?ina,https://vdb.czso.cz/vdbvo2/faces/cs/index.jsf?page=vystup-objekt&z=T&f=TABULKA&pvo=VZD16b&c=v3~15__RP2007&u=v23__VUZEMI__100__3107,"""https://vdb.czso.cz/vdbvo2/faces/cs/index.jsf?page=vystup-objekt&z=T&f=TABULKA&pvo=VZD16b&c=v3~15__RP2007&u=v23__VUZEMI__100__3107"","
2007,3115,Jihomoravský kraj,https://vdb.czso.cz/vdbvo2/faces/cs/index.jsf?page=vystup-objekt&z=T&f=TABULKA&pvo=VZD16b&c=v3~15__RP2007&u=v23__VUZEMI__100__3115,"""https://vdb.czso.cz/vdbvo2/faces/cs/index.jsf?page=vystup-objekt&z=T&f=TABULKA&pvo=VZD16b&c=v3~15__RP2007&u=v23__VUZEMI__100__3115"","
2007,3123,Olomoucký kraj,https://vdb.czso.cz/vdbvo2/faces/cs/index.jsf?page=vystup-objekt&z=T&f=TABULKA&pvo=VZD16b&c=v3~15__RP2007&u=v23__VUZEMI__100__3123,"""https://vdb.czso.cz/vdbvo2/faces/cs/index.jsf?page=vystup-objekt&z=T&f=TABULKA&pvo=VZD16b&c=v3~15__RP2007&u=v23__VUZEMI__100__3123"","
2007,3131,Zlínský kraj,https://vdb.czso.cz/vdbvo2/faces/cs/index.jsf?page=vystup-objekt&z=T&f=TABULKA&pvo=VZD16b&c=v3~15__RP2007&u=v23__VUZEMI__100__3131,"""https://vdb.czso.cz/vdbvo2/faces/cs/index.jsf?page=vystup-objekt&z=T&f=TABULKA&pvo=VZD16b&c=v3~15__RP2007&u=v23__VUZEMI__100__3131"","
2007,3140,Moravskoslezský kraj,https://vdb.czso.cz/vdbvo2/faces/cs/index.jsf?page=vystup-objekt&z=T&f=TABULKA&pvo=VZD16b&c=v3~15__RP2007&u=v23__VUZEMI__100__3140,"""https://vdb.czso.cz/vdbvo2/faces/cs/index.jsf?page=vystup-objekt&z=T&f=TABULKA&pvo=VZD16b&c=v3~15__RP2007&u=v23__VUZEMI__100__3140"","
2008,3018,Hlavní m?sto Praha,https://vdb.czso.cz/vdbvo2/faces/cs/index.jsf?page=vystup-objekt&z=T&f=TABULKA&pvo=VZD16b&c=v3~15__RP2008&u=v23__VUZEMI__100__3018,"""https://vdb.czso.cz/vdbvo2/faces/cs/index.jsf?page=vystup-objekt&z=T&f=TABULKA&pvo=VZD16b&c=v3~15__RP2008&u=v23__VUZEMI__100__3018"","
2008,3026,St?edo?eský kraj,https://vdb.czso.cz/vdbvo2/faces/cs/index.jsf?page=vystup-objekt&z=T&f=TABULKA&pvo=VZD16b&c=v3~15__RP2008&u=v23__VUZEMI__100__3026,"""https://vdb.czso.cz/vdbvo2/faces/cs/index.jsf?page=vystup-objekt&z=T&f=TABULKA&pvo=VZD16b&c=v3~15__RP2008&u=v23__VUZEMI__100__3026"","
2008,3034,Jiho?eský kraj,https://vdb.czso.cz/vdbvo2/faces/cs/index.jsf?page=vystup-objekt&z=T&f=TABULKA&pvo=VZD16b&c=v3~15__RP2008&u=v23__VUZEMI__100__3034,"""https://vdb.czso.cz/vdbvo2/faces/cs/index.jsf?page=vystup-objekt&z=T&f=TABULKA&pvo=VZD16b&c=v3~15__RP2008&u=v23__VUZEMI__100__3034"","
2008,3042,Plze?ský kraj,https://vdb.czso.cz/vdbvo2/faces/cs/index.jsf?page=vystup-objekt&z=T&f=TABULKA&pvo=VZD16b&c=v3~15__RP2008&u=v23__VUZEMI__100__3042,"""https://vdb.czso.cz/vdbvo2/faces/cs/index.jsf?page=vystup-objekt&z=T&f=TABULKA&pvo=VZD16b&c=v3~15__RP2008&u=v23__VUZEMI__100__3042"","
2008,3051,Karlovarský kraj,https://vdb.czso.cz/vdbvo2/faces/cs/index.jsf?page=vystup-objekt&z=T&f=TABULKA&pvo=VZD16b&c=v3~15__RP2008&u=v23__VUZEMI__100__3051,"""https://vdb.czso.cz/vdbvo2/faces/cs/index.jsf?page=vystup-objekt&z=T&f=TABULKA&pvo=VZD16b&c=v3~15__RP2008&u=v23__VUZEMI__100__3051"","
2008,3069,Ústecký kraj,https://vdb.czso.cz/vdbvo2/faces/cs/index.jsf?page=vystup-objekt&z=T&f=TABULKA&pvo=VZD16b&c=v3~15__RP2008&u=v23__VUZEMI__100__3069,"""https://vdb.czso.cz/vdbvo2/faces/cs/index.jsf?page=vystup-objekt&z=T&f=TABULKA&pvo=VZD16b&c=v3~15__RP2008&u=v23__VUZEMI__100__3069"","
2008,3077,Liberecký kraj,https://vdb.czso.cz/vdbvo2/faces/cs/index.jsf?page=vystup-objekt&z=T&f=TABULKA&pvo=VZD16b&c=v3~15__RP2008&u=v23__VUZEMI__100__3077,"""https://vdb.czso.cz/vdbvo2/faces/cs/index.jsf?page=vystup-objekt&z=T&f=TABULKA&pvo=VZD16b&c=v3~15__RP2008&u=v23__VUZEMI__100__3077"","
2008,3085,Královéhradecký kraj,https://vdb.czso.cz/vdbvo2/faces/cs/index.jsf?page=vystup-objekt&z=T&f=TABULKA&pvo=VZD16b&c=v3~15__RP2008&u=v23__VUZEMI__100__3085,"""https://vdb.czso.cz/vdbvo2/faces/cs/index.jsf?page=vystup-objekt&z=T&f=TABULKA&pvo=VZD16b&c=v3~15__RP2008&u=v23__VUZEMI__100__3085"","
2008,3093,Pardubický kraj,https://vdb.czso.cz/vdbvo2/faces/cs/index.jsf?page=vystup-objekt&z=T&f=TABULKA&pvo=VZD16b&c=v3~15__RP2008&u=v23__VUZEMI__100__3093,"""https://vdb.czso.cz/vdbvo2/faces/cs/index.jsf?page=vystup-objekt&z=T&f=TABULKA&pvo=VZD16b&c=v3~15__RP2008&u=v23__VUZEMI__100__3093"","
2008,3107,Kraj Vyso?ina,https://vdb.czso.cz/vdbvo2/faces/cs/index.jsf?page=vystup-objekt&z=T&f=TABULKA&pvo=VZD16b&c=v3~15__RP2008&u=v23__VUZEMI__100__3107,"""https://vdb.czso.cz/vdbvo2/faces/cs/index.jsf?page=vystup-objekt&z=T&f=TABULKA&pvo=VZD16b&c=v3~15__RP2008&u=v23__VUZEMI__100__3107"","
2008,3115,Jihomoravský kraj,https://vdb.czso.cz/vdbvo2/faces/cs/index.jsf?page=vystup-objekt&z=T&f=TABULKA&pvo=VZD16b&c=v3~15__RP2008&u=v23__VUZEMI__100__3115,"""https://vdb.czso.cz/vdbvo2/faces/cs/index.jsf?page=vystup-objekt&z=T&f=TABULKA&pvo=VZD16b&c=v3~15__RP2008&u=v23__VUZEMI__100__3115"","
2008,3123,Olomoucký kraj,https://vdb.czso.cz/vdbvo2/faces/cs/index.jsf?page=vystup-objekt&z=T&f=TABULKA&pvo=VZD16b&c=v3~15__RP2008&u=v23__VUZEMI__100__3123,"""https://vdb.czso.cz/vdbvo2/faces/cs/index.jsf?page=vystup-objekt&z=T&f=TABULKA&pvo=VZD16b&c=v3~15__RP2008&u=v23__VUZEMI__100__3123"","
2008,3131,Zlínský kraj,https://vdb.czso.cz/vdbvo2/faces/cs/index.jsf?page=vystup-objekt&z=T&f=TABULKA&pvo=VZD16b&c=v3~15__RP2008&u=v23__VUZEMI__100__3131,"""https://vdb.czso.cz/vdbvo2/faces/cs/index.jsf?page=vystup-objekt&z=T&f=TABULKA&pvo=VZD16b&c=v3~15__RP2008&u=v23__VUZEMI__100__3131"","
2008,3140,Moravskoslezský kraj,https://vdb.czso.cz/vdbvo2/faces/cs/index.jsf?page=vystup-objekt&z=T&f=TABULKA&pvo=VZD16b&c=v3~15__RP2008&u=v23__VUZEMI__100__3140,"""https://vdb.czso.cz/vdbvo2/faces/cs/index.jsf?page=vystup-objekt&z=T&f=TABULKA&pvo=VZD16b&c=v3~15__RP2008&u=v23__VUZEMI__100__3140"","
2009,3018,Hlavní m?sto Praha,https://vdb.czso.cz/vdbvo2/faces/cs/index.jsf?page=vystup-objekt&z=T&f=TABULKA&pvo=VZD16b&c=v3~15__RP2009&u=v23__VUZEMI__100__3018,"""https://vdb.czso.cz/vdbvo2/faces/cs/index.jsf?page=vystup-objekt&z=T&f=TABULKA&pvo=VZD16b&c=v3~15__RP2009&u=v23__VUZEMI__100__3018"","
2009,3026,St?edo?eský kraj,https://vdb.czso.cz/vdbvo2/faces/cs/index.jsf?page=vystup-objekt&z=T&f=TABULKA&pvo=VZD16b&c=v3~15__RP2009&u=v23__VUZEMI__100__3026,"""https://vdb.czso.cz/vdbvo2/faces/cs/index.jsf?page=vystup-objekt&z=T&f=TABULKA&pvo=VZD16b&c=v3~15__RP2009&u=v23__VUZEMI__100__3026"","
2009,3034,Jiho?eský kraj,https://vdb.czso.cz/vdbvo2/faces/cs/index.jsf?page=vystup-objekt&z=T&f=TABULKA&pvo=VZD16b&c=v3~15__RP2009&u=v23__VUZEMI__100__3034,"""https://vdb.czso.cz/vdbvo2/faces/cs/index.jsf?page=vystup-objekt&z=T&f=TABULKA&pvo=VZD16b&c=v3~15__RP2009&u=v23__VUZEMI__100__3034"","
2009,3042,Plze?ský kraj,https://vdb.czso.cz/vdbvo2/faces/cs/index.jsf?page=vystup-objekt&z=T&f=TABULKA&pvo=VZD16b&c=v3~15__RP2009&u=v23__VUZEMI__100__3042,"""https://vdb.czso.cz/vdbvo2/faces/cs/index.jsf?page=vystup-objekt&z=T&f=TABULKA&pvo=VZD16b&c=v3~15__RP2009&u=v23__VUZEMI__100__3042"","
2009,3051,Karlovarský kraj,https://vdb.czso.cz/vdbvo2/faces/cs/index.jsf?page=vystup-objekt&z=T&f=TABULKA&pvo=VZD16b&c=v3~15__RP2009&u=v23__VUZEMI__100__3051,"""https://vdb.czso.cz/vdbvo2/faces/cs/index.jsf?page=vystup-objekt&z=T&f=TABULKA&pvo=VZD16b&c=v3~15__RP2009&u=v23__VUZEMI__100__3051"","
2009,3069,Ústecký kraj,https://vdb.czso.cz/vdbvo2/faces/cs/index.jsf?page=vystup-objekt&z=T&f=TABULKA&pvo=VZD16b&c=v3~15__RP2009&u=v23__VUZEMI__100__3069,"""https://vdb.czso.cz/vdbvo2/faces/cs/index.jsf?page=vystup-objekt&z=T&f=TABULKA&pvo=VZD16b&c=v3~15__RP2009&u=v23__VUZEMI__100__3069"","
2009,3077,Liberecký kraj,https://vdb.czso.cz/vdbvo2/faces/cs/index.jsf?page=vystup-objekt&z=T&f=TABULKA&pvo=VZD16b&c=v3~15__RP2009&u=v23__VUZEMI__100__3077,"""https://vdb.czso.cz/vdbvo2/faces/cs/index.jsf?page=vystup-objekt&z=T&f=TABULKA&pvo=VZD16b&c=v3~15__RP2009&u=v23__VUZEMI__100__3077"","
2009,3085,Královéhradecký kraj,https://vdb.czso.cz/vdbvo2/faces/cs/index.jsf?page=vystup-objekt&z=T&f=TABULKA&pvo=VZD16b&c=v3~15__RP2009&u=v23__VUZEMI__100__3085,"""https://vdb.czso.cz/vdbvo2/faces/cs/index.jsf?page=vystup-objekt&z=T&f=TABULKA&pvo=VZD16b&c=v3~15__RP2009&u=v23__VUZEMI__100__3085"","
2009,3093,Pardubický kraj,https://vdb.czso.cz/vdbvo2/faces/cs/index.jsf?page=vystup-objekt&z=T&f=TABULKA&pvo=VZD16b&c=v3~15__RP2009&u=v23__VUZEMI__100__3093,"""https://vdb.czso.cz/vdbvo2/faces/cs/index.jsf?page=vystup-objekt&z=T&f=TABULKA&pvo=VZD16b&c=v3~15__RP2009&u=v23__VUZEMI__100__3093"","
2009,3107,Kraj Vyso?ina,https://vdb.czso.cz/vdbvo2/faces/cs/index.jsf?page=vystup-objekt&z=T&f=TABULKA&pvo=VZD16b&c=v3~15__RP2009&u=v23__VUZEMI__100__3107,"""https://vdb.czso.cz/vdbvo2/faces/cs/index.jsf?page=vystup-objekt&z=T&f=TABULKA&pvo=VZD16b&c=v3~15__RP2009&u=v23__VUZEMI__100__3107"","
2009,3115,Jihomoravský kraj,https://vdb.czso.cz/vdbvo2/faces/cs/index.jsf?page=vystup-objekt&z=T&f=TABULKA&pvo=VZD16b&c=v3~15__RP2009&u=v23__VUZEMI__100__3115,"""https://vdb.czso.cz/vdbvo2/faces/cs/index.jsf?page=vystup-objekt&z=T&f=TABULKA&pvo=VZD16b&c=v3~15__RP2009&u=v23__VUZEMI__100__3115"","
2009,3123,Olomoucký kraj,https://vdb.czso.cz/vdbvo2/faces/cs/index.jsf?page=vystup-objekt&z=T&f=TABULKA&pvo=VZD16b&c=v3~15__RP2009&u=v23__VUZEMI__100__3123,"""https://vdb.czso.cz/vdbvo2/faces/cs/index.jsf?page=vystup-objekt&z=T&f=TABULKA&pvo=VZD16b&c=v3~15__RP2009&u=v23__VUZEMI__100__3123"","
2009,3131,Zlínský kraj,https://vdb.czso.cz/vdbvo2/faces/cs/index.jsf?page=vystup-objekt&z=T&f=TABULKA&pvo=VZD16b&c=v3~15__RP2009&u=v23__VUZEMI__100__3131,"""https://vdb.czso.cz/vdbvo2/faces/cs/index.jsf?page=vystup-objekt&z=T&f=TABULKA&pvo=VZD16b&c=v3~15__RP2009&u=v23__VUZEMI__100__3131"","
2009,3140,Moravskoslezský kraj,https://vdb.czso.cz/vdbvo2/faces/cs/index.jsf?page=vystup-objekt&z=T&f=TABULKA&pvo=VZD16b&c=v3~15__RP2009&u=v23__VUZEMI__100__3140,"""https://vdb.czso.cz/vdbvo2/faces/cs/index.jsf?page=vystup-objekt&z=T&f=TABULKA&pvo=VZD16b&c=v3~15__RP2009&u=v23__VUZEMI__100__3140"","
2010,3018,Hlavní m?sto Praha,https://vdb.czso.cz/vdbvo2/faces/cs/index.jsf?page=vystup-objekt&z=T&f=TABULKA&pvo=VZD16b&c=v3~15__RP2010&u=v23__VUZEMI__100__3018,"""https://vdb.czso.cz/vdbvo2/faces/cs/index.jsf?page=vystup-objekt&z=T&f=TABULKA&pvo=VZD16b&c=v3~15__RP2010&u=v23__VUZEMI__100__3018"","
2010,3026,St?edo?eský kraj,https://vdb.czso.cz/vdbvo2/faces/cs/index.jsf?page=vystup-objekt&z=T&f=TABULKA&pvo=VZD16b&c=v3~15__RP2010&u=v23__VUZEMI__100__3026,"""https://vdb.czso.cz/vdbvo2/faces/cs/index.jsf?page=vystup-objekt&z=T&f=TABULKA&pvo=VZD16b&c=v3~15__RP2010&u=v23__VUZEMI__100__3026"","
2010,3034,Jiho?eský kraj,https://vdb.czso.cz/vdbvo2/faces/cs/index.jsf?page=vystup-objekt&z=T&f=TABULKA&pvo=VZD16b&c=v3~15__RP2010&u=v23__VUZEMI__100__3034,"""https://vdb.czso.cz/vdbvo2/faces/cs/index.jsf?page=vystup-objekt&z=T&f=TABULKA&pvo=VZD16b&c=v3~15__RP2010&u=v23__VUZEMI__100__3034"","
2010,3042,Plze?ský kraj,https://vdb.czso.cz/vdbvo2/faces/cs/index.jsf?page=vystup-objekt&z=T&f=TABULKA&pvo=VZD16b&c=v3~15__RP2010&u=v23__VUZEMI__100__3042,"""https://vdb.czso.cz/vdbvo2/faces/cs/index.jsf?page=vystup-objekt&z=T&f=TABULKA&pvo=VZD16b&c=v3~15__RP2010&u=v23__VUZEMI__100__3042"","
2010,3051,Karlovarský kraj,https://vdb.czso.cz/vdbvo2/faces/cs/index.jsf?page=vystup-objekt&z=T&f=TABULKA&pvo=VZD16b&c=v3~15__RP2010&u=v23__VUZEMI__100__3051,"""https://vdb.czso.cz/vdbvo2/faces/cs/index.jsf?page=vystup-objekt&z=T&f=TABULKA&pvo=VZD16b&c=v3~15__RP2010&u=v23__VUZEMI__100__3051"","
2010,3069,Ústecký kraj,https://vdb.czso.cz/vdbvo2/faces/cs/index.jsf?page=vystup-objekt&z=T&f=TABULKA&pvo=VZD16b&c=v3~15__RP2010&u=v23__VUZEMI__100__3069,"""https://vdb.czso.cz/vdbvo2/faces/cs/index.jsf?page=vystup-objekt&z=T&f=TABULKA&pvo=VZD16b&c=v3~15__RP2010&u=v23__VUZEMI__100__3069"","
2010,3077,Liberecký kraj,https://vdb.czso.cz/vdbvo2/faces/cs/index.jsf?page=vystup-objekt&z=T&f=TABULKA&pvo=VZD16b&c=v3~15__RP2010&u=v23__VUZEMI__100__3077,"""https://vdb.czso.cz/vdbvo2/faces/cs/index.jsf?page=vystup-objekt&z=T&f=TABULKA&pvo=VZD16b&c=v3~15__RP2010&u=v23__VUZEMI__100__3077"","
2010,3085,Královéhradecký kraj,https://vdb.czso.cz/vdbvo2/faces/cs/index.jsf?page=vystup-objekt&z=T&f=TABULKA&pvo=VZD16b&c=v3~15__RP2010&u=v23__VUZEMI__100__3085,"""https://vdb.czso.cz/vdbvo2/faces/cs/index.jsf?page=vystup-objekt&z=T&f=TABULKA&pvo=VZD16b&c=v3~15__RP2010&u=v23__VUZEMI__100__3085"","
2010,3093,Pardubický kraj,https://vdb.czso.cz/vdbvo2/faces/cs/index.jsf?page=vystup-objekt&z=T&f=TABULKA&pvo=VZD16b&c=v3~15__RP2010&u=v23__VUZEMI__100__3093,"""https://vdb.czso.cz/vdbvo2/faces/cs/index.jsf?page=vystup-objekt&z=T&f=TABULKA&pvo=VZD16b&c=v3~15__RP2010&u=v23__VUZEMI__100__3093"","
2010,3107,Kraj Vyso?ina,https://vdb.czso.cz/vdbvo2/faces/cs/index.jsf?page=vystup-objekt&z=T&f=TABULKA&pvo=VZD16b&c=v3~15__RP2010&u=v23__VUZEMI__100__3107,"""https://vdb.czso.cz/vdbvo2/faces/cs/index.jsf?page=vystup-objekt&z=T&f=TABULKA&pvo=VZD16b&c=v3~15__RP2010&u=v23__VUZEMI__100__3107"","
2010,3115,Jihomoravský kraj,https://vdb.czso.cz/vdbvo2/faces/cs/index.jsf?page=vystup-objekt&z=T&f=TABULKA&pvo=VZD16b&c=v3~15__RP2010&u=v23__VUZEMI__100__3115,"""https://vdb.czso.cz/vdbvo2/faces/cs/index.jsf?page=vystup-objekt&z=T&f=TABULKA&pvo=VZD16b&c=v3~15__RP2010&u=v23__VUZEMI__100__3115"","
2010,3123,Olomoucký kraj,https://vdb.czso.cz/vdbvo2/faces/cs/index.jsf?page=vystup-objekt&z=T&f=TABULKA&pvo=VZD16b&c=v3~15__RP2010&u=v23__VUZEMI__100__3123,"""https://vdb.czso.cz/vdbvo2/faces/cs/index.jsf?page=vystup-objekt&z=T&f=TABULKA&pvo=VZD16b&c=v3~15__RP2010&u=v23__VUZEMI__100__3123"","
2010,3131,Zlínský kraj,https://vdb.czso.cz/vdbvo2/faces/cs/index.jsf?page=vystup-objekt&z=T&f=TABULKA&pvo=VZD16b&c=v3~15__RP2010&u=v23__VUZEMI__100__3131,"""https://vdb.czso.cz/vdbvo2/faces/cs/index.jsf?page=vystup-objekt&z=T&f=TABULKA&pvo=VZD16b&c=v3~15__RP2010&u=v23__VUZEMI__100__3131"","
2010,3140,Moravskoslezský kraj,https://vdb.czso.cz/vdbvo2/faces/cs/index.jsf?page=vystup-objekt&z=T&f=TABULKA&pvo=VZD16b&c=v3~15__RP2010&u=v23__VUZEMI__100__3140,"""https://vdb.czso.cz/vdbvo2/faces/cs/index.jsf?page=vystup-objekt&z=T&f=TABULKA&pvo=VZD16b&c=v3~15__RP2010&u=v23__VUZEMI__100__3140"","
2011,3018,Hlavní m?sto Praha,https://vdb.czso.cz/vdbvo2/faces/cs/index.jsf?page=vystup-objekt&z=T&f=TABULKA&pvo=VZD16b&c=v3~15__RP2011&u=v23__VUZEMI__100__3018,"""https://vdb.czso.cz/vdbvo2/faces/cs/index.jsf?page=vystup-objekt&z=T&f=TABULKA&pvo=VZD16b&c=v3~15__RP2011&u=v23__VUZEMI__100__3018"","
2011,3026,St?edo?eský kraj,https://vdb.czso.cz/vdbvo2/faces/cs/index.jsf?page=vystup-objekt&z=T&f=TABULKA&pvo=VZD16b&c=v3~15__RP2011&u=v23__VUZEMI__100__3026,"""https://vdb.czso.cz/vdbvo2/faces/cs/index.jsf?page=vystup-objekt&z=T&f=TABULKA&pvo=VZD16b&c=v3~15__RP2011&u=v23__VUZEMI__100__3026"","
2011,3034,Jiho?eský kraj,https://vdb.czso.cz/vdbvo2/faces/cs/index.jsf?page=vystup-objekt&z=T&f=TABULKA&pvo=VZD16b&c=v3~15__RP2011&u=v23__VUZEMI__100__3034,"""https://vdb.czso.cz/vdbvo2/faces/cs/index.jsf?page=vystup-objekt&z=T&f=TABULKA&pvo=VZD16b&c=v3~15__RP2011&u=v23__VUZEMI__100__3034"","
2011,3042,Plze?ský kraj,https://vdb.czso.cz/vdbvo2/faces/cs/index.jsf?page=vystup-objekt&z=T&f=TABULKA&pvo=VZD16b&c=v3~15__RP2011&u=v23__VUZEMI__100__3042,"""https://vdb.czso.cz/vdbvo2/faces/cs/index.jsf?page=vystup-objekt&z=T&f=TABULKA&pvo=VZD16b&c=v3~15__RP2011&u=v23__VUZEMI__100__3042"","
2011,3051,Karlovarský kraj,https://vdb.czso.cz/vdbvo2/faces/cs/index.jsf?page=vystup-objekt&z=T&f=TABULKA&pvo=VZD16b&c=v3~15__RP2011&u=v23__VUZEMI__100__3051,"""https://vdb.czso.cz/vdbvo2/faces/cs/index.jsf?page=vystup-objekt&z=T&f=TABULKA&pvo=VZD16b&c=v3~15__RP2011&u=v23__VUZEMI__100__3051"","
2011,3069,Ústecký kraj,https://vdb.czso.cz/vdbvo2/faces/cs/index.jsf?page=vystup-objekt&z=T&f=TABULKA&pvo=VZD16b&c=v3~15__RP2011&u=v23__VUZEMI__100__3069,"""https://vdb.czso.cz/vdbvo2/faces/cs/index.jsf?page=vystup-objekt&z=T&f=TABULKA&pvo=VZD16b&c=v3~15__RP2011&u=v23__VUZEMI__100__3069"","
2011,3077,Liberecký kraj,https://vdb.czso.cz/vdbvo2/faces/cs/index.jsf?page=vystup-objekt&z=T&f=TABULKA&pvo=VZD16b&c=v3~15__RP2011&u=v23__VUZEMI__100__3077,"""https://vdb.czso.cz/vdbvo2/faces/cs/index.jsf?page=vystup-objekt&z=T&f=TABULKA&pvo=VZD16b&c=v3~15__RP2011&u=v23__VUZEMI__100__3077"","
2011,3085,Královéhradecký kraj,https://vdb.czso.cz/vdbvo2/faces/cs/index.jsf?page=vystup-objekt&z=T&f=TABULKA&pvo=VZD16b&c=v3~15__RP2011&u=v23__VUZEMI__100__3085,"""https://vdb.czso.cz/vdbvo2/faces/cs/index.jsf?page=vystup-objekt&z=T&f=TABULKA&pvo=VZD16b&c=v3~15__RP2011&u=v23__VUZEMI__100__3085"","
2011,3093,Pardubický kraj,https://vdb.czso.cz/vdbvo2/faces/cs/index.jsf?page=vystup-objekt&z=T&f=TABULKA&pvo=VZD16b&c=v3~15__RP2011&u=v23__VUZEMI__100__3093,"""https://vdb.czso.cz/vdbvo2/faces/cs/index.jsf?page=vystup-objekt&z=T&f=TABULKA&pvo=VZD16b&c=v3~15__RP2011&u=v23__VUZEMI__100__3093"","
2011,3107,Kraj Vyso?ina,https://vdb.czso.cz/vdbvo2/faces/cs/index.jsf?page=vystup-objekt&z=T&f=TABULKA&pvo=VZD16b&c=v3~15__RP2011&u=v23__VUZEMI__100__3107,"""https://vdb.czso.cz/vdbvo2/faces/cs/index.jsf?page=vystup-objekt&z=T&f=TABULKA&pvo=VZD16b&c=v3~15__RP2011&u=v23__VUZEMI__100__3107"","
2011,3115,Jihomoravský kraj,https://vdb.czso.cz/vdbvo2/faces/cs/index.jsf?page=vystup-objekt&z=T&f=TABULKA&pvo=VZD16b&c=v3~15__RP2011&u=v23__VUZEMI__100__3115,"""https://vdb.czso.cz/vdbvo2/faces/cs/index.jsf?page=vystup-objekt&z=T&f=TABULKA&pvo=VZD16b&c=v3~15__RP2011&u=v23__VUZEMI__100__3115"","
2011,3123,Olomoucký kraj,https://vdb.czso.cz/vdbvo2/faces/cs/index.jsf?page=vystup-objekt&z=T&f=TABULKA&pvo=VZD16b&c=v3~15__RP2011&u=v23__VUZEMI__100__3123,"""https://vdb.czso.cz/vdbvo2/faces/cs/index.jsf?page=vystup-objekt&z=T&f=TABULKA&pvo=VZD16b&c=v3~15__RP2011&u=v23__VUZEMI__100__3123"","
2011,3131,Zlínský kraj,https://vdb.czso.cz/vdbvo2/faces/cs/index.jsf?page=vystup-objekt&z=T&f=TABULKA&pvo=VZD16b&c=v3~15__RP2011&u=v23__VUZEMI__100__3131,"""https://vdb.czso.cz/vdbvo2/faces/cs/index.jsf?page=vystup-objekt&z=T&f=TABULKA&pvo=VZD16b&c=v3~15__RP2011&u=v23__VUZEMI__100__3131"","
2011,3140,Moravskoslezský kraj,https://vdb.czso.cz/vdbvo2/faces/cs/index.jsf?page=vystup-objekt&z=T&f=TABULKA&pvo=VZD16b&c=v3~15__RP2011&u=v23__VUZEMI__100__3140,"""https://vdb.czso.cz/vdbvo2/faces/cs/index.jsf?page=vystup-objekt&z=T&f=TABULKA&pvo=VZD16b&c=v3~15__RP2011&u=v23__VUZEMI__100__3140"","
2012,3018,Hlavní m?sto Praha,https://vdb.czso.cz/vdbvo2/faces/cs/index.jsf?page=vystup-objekt&z=T&f=TABULKA&pvo=VZD16b&c=v3~15__RP2012&u=v23__VUZEMI__100__3018,"""https://vdb.czso.cz/vdbvo2/faces/cs/index.jsf?page=vystup-objekt&z=T&f=TABULKA&pvo=VZD16b&c=v3~15__RP2012&u=v23__VUZEMI__100__3018"","
2012,3026,St?edo?eský kraj,https://vdb.czso.cz/vdbvo2/faces/cs/index.jsf?page=vystup-objekt&z=T&f=TABULKA&pvo=VZD16b&c=v3~15__RP2012&u=v23__VUZEMI__100__3026,"""https://vdb.czso.cz/vdbvo2/faces/cs/index.jsf?page=vystup-objekt&z=T&f=TABULKA&pvo=VZD16b&c=v3~15__RP2012&u=v23__VUZEMI__100__3026"","
2012,3034,Jiho?eský kraj,https://vdb.czso.cz/vdbvo2/faces/cs/index.jsf?page=vystup-objekt&z=T&f=TABULKA&pvo=VZD16b&c=v3~15__RP2012&u=v23__VUZEMI__100__3034,"""https://vdb.czso.cz/vdbvo2/faces/cs/index.jsf?page=vystup-objekt&z=T&f=TABULKA&pvo=VZD16b&c=v3~15__RP2012&u=v23__VUZEMI__100__3034"","
2012,3042,Plze?ský kraj,https://vdb.czso.cz/vdbvo2/faces/cs/index.jsf?page=vystup-objekt&z=T&f=TABULKA&pvo=VZD16b&c=v3~15__RP2012&u=v23__VUZEMI__100__3042,"""https://vdb.czso.cz/vdbvo2/faces/cs/index.jsf?page=vystup-objekt&z=T&f=TABULKA&pvo=VZD16b&c=v3~15__RP2012&u=v23__VUZEMI__100__3042"","
2012,3051,Karlovarský kraj,https://vdb.czso.cz/vdbvo2/faces/cs/index.jsf?page=vystup-objekt&z=T&f=TABULKA&pvo=VZD16b&c=v3~15__RP2012&u=v23__VUZEMI__100__3051,"""https://vdb.czso.cz/vdbvo2/faces/cs/index.jsf?page=vystup-objekt&z=T&f=TABULKA&pvo=VZD16b&c=v3~15__RP2012&u=v23__VUZEMI__100__3051"","
2012,3069,Ústecký kraj,https://vdb.czso.cz/vdbvo2/faces/cs/index.jsf?page=vystup-objekt&z=T&f=TABULKA&pvo=VZD16b&c=v3~15__RP2012&u=v23__VUZEMI__100__3069,"""https://vdb.czso.cz/vdbvo2/faces/cs/index.jsf?page=vystup-objekt&z=T&f=TABULKA&pvo=VZD16b&c=v3~15__RP2012&u=v23__VUZEMI__100__3069"","
2012,3077,Liberecký kraj,https://vdb.czso.cz/vdbvo2/faces/cs/index.jsf?page=vystup-objekt&z=T&f=TABULKA&pvo=VZD16b&c=v3~15__RP2012&u=v23__VUZEMI__100__3077,"""https://vdb.czso.cz/vdbvo2/faces/cs/index.jsf?page=vystup-objekt&z=T&f=TABULKA&pvo=VZD16b&c=v3~15__RP2012&u=v23__VUZEMI__100__3077"","
2012,3085,Královéhradecký kraj,https://vdb.czso.cz/vdbvo2/faces/cs/index.jsf?page=vystup-objekt&z=T&f=TABULKA&pvo=VZD16b&c=v3~15__RP2012&u=v23__VUZEMI__100__3085,"""https://vdb.czso.cz/vdbvo2/faces/cs/index.jsf?page=vystup-objekt&z=T&f=TABULKA&pvo=VZD16b&c=v3~15__RP2012&u=v23__VUZEMI__100__3085"","
2012,3093,Pardubický kraj,https://vdb.czso.cz/vdbvo2/faces/cs/index.jsf?page=vystup-objekt&z=T&f=TABULKA&pvo=VZD16b&c=v3~15__RP2012&u=v23__VUZEMI__100__3093,"""https://vdb.czso.cz/vdbvo2/faces/cs/index.jsf?page=vystup-objekt&z=T&f=TABULKA&pvo=VZD16b&c=v3~15__RP2012&u=v23__VUZEMI__100__3093"","
2012,3107,Kraj Vyso?ina,https://vdb.czso.cz/vdbvo2/faces/cs/index.jsf?page=vystup-objekt&z=T&f=TABULKA&pvo=VZD16b&c=v3~15__RP2012&u=v23__VUZEMI__100__3107,"""https://vdb.czso.cz/vdbvo2/faces/cs/index.jsf?page=vystup-objekt&z=T&f=TABULKA&pvo=VZD16b&c=v3~15__RP2012&u=v23__VUZEMI__100__3107"","
2012,3115,Jihomoravský kraj,https://vdb.czso.cz/vdbvo2/faces/cs/index.jsf?page=vystup-objekt&z=T&f=TABULKA&pvo=VZD16b&c=v3~15__RP2012&u=v23__VUZEMI__100__3115,"""https://vdb.czso.cz/vdbvo2/faces/cs/index.jsf?page=vystup-objekt&z=T&f=TABULKA&pvo=VZD16b&c=v3~15__RP2012&u=v23__VUZEMI__100__3115"","
2012,3123,Olomoucký kraj,https://vdb.czso.cz/vdbvo2/faces/cs/index.jsf?page=vystup-objekt&z=T&f=TABULKA&pvo=VZD16b&c=v3~15__RP2012&u=v23__VUZEMI__100__3123,"""https://vdb.czso.cz/vdbvo2/faces/cs/index.jsf?page=vystup-objekt&z=T&f=TABULKA&pvo=VZD16b&c=v3~15__RP2012&u=v23__VUZEMI__100__3123"","
2012,3131,Zlínský kraj,https://vdb.czso.cz/vdbvo2/faces/cs/index.jsf?page=vystup-objekt&z=T&f=TABULKA&pvo=VZD16b&c=v3~15__RP2012&u=v23__VUZEMI__100__3131,"""https://vdb.czso.cz/vdbvo2/faces/cs/index.jsf?page=vystup-objekt&z=T&f=TABULKA&pvo=VZD16b&c=v3~15__RP2012&u=v23__VUZEMI__100__3131"","
2012,3140,Moravskoslezský kraj,https://vdb.czso.cz/vdbvo2/faces/cs/index.jsf?page=vystup-objekt&z=T&f=TABULKA&pvo=VZD16b&c=v3~15__RP2012&u=v23__VUZEMI__100__3140,"""https://vdb.czso.cz/vdbvo2/faces/cs/index.jsf?page=vystup-objekt&z=T&f=TABULKA&pvo=VZD16b&c=v3~15__RP2012&u=v23__VUZEMI__100__3140"","
2013,3018,Hlavní m?sto Praha,https://vdb.czso.cz/vdbvo2/faces/cs/index.jsf?page=vystup-objekt&z=T&f=TABULKA&pvo=VZD16b&c=v3~15__RP2013&u=v23__VUZEMI__100__3018,"""https://vdb.czso.cz/vdbvo2/faces/cs/index.jsf?page=vystup-objekt&z=T&f=TABULKA&pvo=VZD16b&c=v3~15__RP2013&u=v23__VUZEMI__100__3018"","
2013,3026,St?edo?eský kraj,https://vdb.czso.cz/vdbvo2/faces/cs/index.jsf?page=vystup-objekt&z=T&f=TABULKA&pvo=VZD16b&c=v3~15__RP2013&u=v23__VUZEMI__100__3026,"""https://vdb.czso.cz/vdbvo2/faces/cs/index.jsf?page=vystup-objekt&z=T&f=TABULKA&pvo=VZD16b&c=v3~15__RP2013&u=v23__VUZEMI__100__3026"","
2013,3034,Jiho?eský kraj,https://vdb.czso.cz/vdbvo2/faces/cs/index.jsf?page=vystup-objekt&z=T&f=TABULKA&pvo=VZD16b&c=v3~15__RP2013&u=v23__VUZEMI__100__3034,"""https://vdb.czso.cz/vdbvo2/faces/cs/index.jsf?page=vystup-objekt&z=T&f=TABULKA&pvo=VZD16b&c=v3~15__RP2013&u=v23__VUZEMI__100__3034"","
2013,3042,Plze?ský kraj,https://vdb.czso.cz/vdbvo2/faces/cs/index.jsf?page=vystup-objekt&z=T&f=TABULKA&pvo=VZD16b&c=v3~15__RP2013&u=v23__VUZEMI__100__3042,"""https://vdb.czso.cz/vdbvo2/faces/cs/index.jsf?page=vystup-objekt&z=T&f=TABULKA&pvo=VZD16b&c=v3~15__RP2013&u=v23__VUZEMI__100__3042"","
2013,3051,Karlovarský kraj,https://vdb.czso.cz/vdbvo2/faces/cs/index.jsf?page=vystup-objekt&z=T&f=TABULKA&pvo=VZD16b&c=v3~15__RP2013&u=v23__VUZEMI__100__3051,"""https://vdb.czso.cz/vdbvo2/faces/cs/index.jsf?page=vystup-objekt&z=T&f=TABULKA&pvo=VZD16b&c=v3~15__RP2013&u=v23__VUZEMI__100__3051"","
2013,3069,Ústecký kraj,https://vdb.czso.cz/vdbvo2/faces/cs/index.jsf?page=vystup-objekt&z=T&f=TABULKA&pvo=VZD16b&c=v3~15__RP2013&u=v23__VUZEMI__100__3069,"""https://vdb.czso.cz/vdbvo2/faces/cs/index.jsf?page=vystup-objekt&z=T&f=TABULKA&pvo=VZD16b&c=v3~15__RP2013&u=v23__VUZEMI__100__3069"","
2013,3077,Liberecký kraj,https://vdb.czso.cz/vdbvo2/faces/cs/index.jsf?page=vystup-objekt&z=T&f=TABULKA&pvo=VZD16b&c=v3~15__RP2013&u=v23__VUZEMI__100__3077,"""https://vdb.czso.cz/vdbvo2/faces/cs/index.jsf?page=vystup-objekt&z=T&f=TABULKA&pvo=VZD16b&c=v3~15__RP2013&u=v23__VUZEMI__100__3077"","
2013,3085,Královéhradecký kraj,https://vdb.czso.cz/vdbvo2/faces/cs/index.jsf?page=vystup-objekt&z=T&f=TABULKA&pvo=VZD16b&c=v3~15__RP2013&u=v23__VUZEMI__100__3085,"""https://vdb.czso.cz/vdbvo2/faces/cs/index.jsf?page=vystup-objekt&z=T&f=TABULKA&pvo=VZD16b&c=v3~15__RP2013&u=v23__VUZEMI__100__3085"","
2013,3093,Pardubický kraj,https://vdb.czso.cz/vdbvo2/faces/cs/index.jsf?page=vystup-objekt&z=T&f=TABULKA&pvo=VZD16b&c=v3~15__RP2013&u=v23__VUZEMI__100__3093,"""https://vdb.czso.cz/vdbvo2/faces/cs/index.jsf?page=vystup-objekt&z=T&f=TABULKA&pvo=VZD16b&c=v3~15__RP2013&u=v23__VUZEMI__100__3093"","
2013,3107,Kraj Vyso?ina,https://vdb.czso.cz/vdbvo2/faces/cs/index.jsf?page=vystup-objekt&z=T&f=TABULKA&pvo=VZD16b&c=v3~15__RP2013&u=v23__VUZEMI__100__3107,"""https://vdb.czso.cz/vdbvo2/faces/cs/index.jsf?page=vystup-objekt&z=T&f=TABULKA&pvo=VZD16b&c=v3~15__RP2013&u=v23__VUZEMI__100__3107"","
2013,3115,Jihomoravský kraj,https://vdb.czso.cz/vdbvo2/faces/cs/index.jsf?page=vystup-objekt&z=T&f=TABULKA&pvo=VZD16b&c=v3~15__RP2013&u=v23__VUZEMI__100__3115,"""https://vdb.czso.cz/vdbvo2/faces/cs/index.jsf?page=vystup-objekt&z=T&f=TABULKA&pvo=VZD16b&c=v3~15__RP2013&u=v23__VUZEMI__100__3115"","
2013,3123,Olomoucký kraj,https://vdb.czso.cz/vdbvo2/faces/cs/index.jsf?page=vystup-objekt&z=T&f=TABULKA&pvo=VZD16b&c=v3~15__RP2013&u=v23__VUZEMI__100__3123,"""https://vdb.czso.cz/vdbvo2/faces/cs/index.jsf?page=vystup-objekt&z=T&f=TABULKA&pvo=VZD16b&c=v3~15__RP2013&u=v23__VUZEMI__100__3123"","
2013,3131,Zlínský kraj,https://vdb.czso.cz/vdbvo2/faces/cs/index.jsf?page=vystup-objekt&z=T&f=TABULKA&pvo=VZD16b&c=v3~15__RP2013&u=v23__VUZEMI__100__3131,"""https://vdb.czso.cz/vdbvo2/faces/cs/index.jsf?page=vystup-objekt&z=T&f=TABULKA&pvo=VZD16b&c=v3~15__RP2013&u=v23__VUZEMI__100__3131"","
2013,3140,Moravskoslezský kraj,https://vdb.czso.cz/vdbvo2/faces/cs/index.jsf?page=vystup-objekt&z=T&f=TABULKA&pvo=VZD16b&c=v3~15__RP2013&u=v23__VUZEMI__100__3140,"""https://vdb.czso.cz/vdbvo2/faces/cs/index.jsf?page=vystup-objekt&z=T&f=TABULKA&pvo=VZD16b&c=v3~15__RP2013&u=v23__VUZEMI__100__3140"","
2014,3018,Hlavní m?sto Praha,https://vdb.czso.cz/vdbvo2/faces/cs/index.jsf?page=vystup-objekt&z=T&f=TABULKA&pvo=VZD16b&c=v3~15__RP2014&u=v23__VUZEMI__100__3018,"""https://vdb.czso.cz/vdbvo2/faces/cs/index.jsf?page=vystup-objekt&z=T&f=TABULKA&pvo=VZD16b&c=v3~15__RP2014&u=v23__VUZEMI__100__3018"","
2014,3026,St?edo?eský kraj,https://vdb.czso.cz/vdbvo2/faces/cs/index.jsf?page=vystup-objekt&z=T&f=TABULKA&pvo=VZD16b&c=v3~15__RP2014&u=v23__VUZEMI__100__3026,"""https://vdb.czso.cz/vdbvo2/faces/cs/index.jsf?page=vystup-objekt&z=T&f=TABULKA&pvo=VZD16b&c=v3~15__RP2014&u=v23__VUZEMI__100__3026"","
2014,3034,Jiho?eský kraj,https://vdb.czso.cz/vdbvo2/faces/cs/index.jsf?page=vystup-objekt&z=T&f=TABULKA&pvo=VZD16b&c=v3~15__RP2014&u=v23__VUZEMI__100__3034,"""https://vdb.czso.cz/vdbvo2/faces/cs/index.jsf?page=vystup-objekt&z=T&f=TABULKA&pvo=VZD16b&c=v3~15__RP2014&u=v23__VUZEMI__100__3034"","
2014,3042,Plze?ský kraj,https://vdb.czso.cz/vdbvo2/faces/cs/index.jsf?page=vystup-objekt&z=T&f=TABULKA&pvo=VZD16b&c=v3~15__RP2014&u=v23__VUZEMI__100__3042,"""https://vdb.czso.cz/vdbvo2/faces/cs/index.jsf?page=vystup-objekt&z=T&f=TABULKA&pvo=VZD16b&c=v3~15__RP2014&u=v23__VUZEMI__100__3042"","
2014,3051,Karlovarský kraj,https://vdb.czso.cz/vdbvo2/faces/cs/index.jsf?page=vystup-objekt&z=T&f=TABULKA&pvo=VZD16b&c=v3~15__RP2014&u=v23__VUZEMI__100__3051,"""https://vdb.czso.cz/vdbvo2/faces/cs/index.jsf?page=vystup-objekt&z=T&f=TABULKA&pvo=VZD16b&c=v3~15__RP2014&u=v23__VUZEMI__100__3051"","
2014,3069,Ústecký kraj,https://vdb.czso.cz/vdbvo2/faces/cs/index.jsf?page=vystup-objekt&z=T&f=TABULKA&pvo=VZD16b&c=v3~15__RP2014&u=v23__VUZEMI__100__3069,"""https://vdb.czso.cz/vdbvo2/faces/cs/index.jsf?page=vystup-objekt&z=T&f=TABULKA&pvo=VZD16b&c=v3~15__RP2014&u=v23__VUZEMI__100__3069"","
2014,3077,Liberecký kraj,https://vdb.czso.cz/vdbvo2/faces/cs/index.jsf?page=vystup-objekt&z=T&f=TABULKA&pvo=VZD16b&c=v3~15__RP2014&u=v23__VUZEMI__100__3077,"""https://vdb.czso.cz/vdbvo2/faces/cs/index.jsf?page=vystup-objekt&z=T&f=TABULKA&pvo=VZD16b&c=v3~15__RP2014&u=v23__VUZEMI__100__3077"","
2014,3085,Královéhradecký kraj,https://vdb.czso.cz/vdbvo2/faces/cs/index.jsf?page=vystup-objekt&z=T&f=TABULKA&pvo=VZD16b&c=v3~15__RP2014&u=v23__VUZEMI__100__3085,"""https://vdb.czso.cz/vdbvo2/faces/cs/index.jsf?page=vystup-objekt&z=T&f=TABULKA&pvo=VZD16b&c=v3~15__RP2014&u=v23__VUZEMI__100__3085"","
2014,3093,Pardubický kraj,https://vdb.czso.cz/vdbvo2/faces/cs/index.jsf?page=vystup-objekt&z=T&f=TABULKA&pvo=VZD16b&c=v3~15__RP2014&u=v23__VUZEMI__100__3093,"""https://vdb.czso.cz/vdbvo2/faces/cs/index.jsf?page=vystup-objekt&z=T&f=TABULKA&pvo=VZD16b&c=v3~15__RP2014&u=v23__VUZEMI__100__3093"","
2014,3107,Kraj Vyso?ina,https://vdb.czso.cz/vdbvo2/faces/cs/index.jsf?page=vystup-objekt&z=T&f=TABULKA&pvo=VZD16b&c=v3~15__RP2014&u=v23__VUZEMI__100__3107,"""https://vdb.czso.cz/vdbvo2/faces/cs/index.jsf?page=vystup-objekt&z=T&f=TABULKA&pvo=VZD16b&c=v3~15__RP2014&u=v23__VUZEMI__100__3107"","
2014,3115,Jihomoravský kraj,https://vdb.czso.cz/vdbvo2/faces/cs/index.jsf?page=vystup-objekt&z=T&f=TABULKA&pvo=VZD16b&c=v3~15__RP2014&u=v23__VUZEMI__100__3115,"""https://vdb.czso.cz/vdbvo2/faces/cs/index.jsf?page=vystup-objekt&z=T&f=TABULKA&pvo=VZD16b&c=v3~15__RP2014&u=v23__VUZEMI__100__3115"","
2014,3123,Olomoucký kraj,https://vdb.czso.cz/vdbvo2/faces/cs/index.jsf?page=vystup-objekt&z=T&f=TABULKA&pvo=VZD16b&c=v3~15__RP2014&u=v23__VUZEMI__100__3123,"""https://vdb.czso.cz/vdbvo2/faces/cs/index.jsf?page=vystup-objekt&z=T&f=TABULKA&pvo=VZD16b&c=v3~15__RP2014&u=v23__VUZEMI__100__3123"","
2014,3131,Zlínský kraj,https://vdb.czso.cz/vdbvo2/faces/cs/index.jsf?page=vystup-objekt&z=T&f=TABULKA&pvo=VZD16b&c=v3~15__RP2014&u=v23__VUZEMI__100__3131,"""https://vdb.czso.cz/vdbvo2/faces/cs/index.jsf?page=vystup-objekt&z=T&f=TABULKA&pvo=VZD16b&c=v3~15__RP2014&u=v23__VUZEMI__100__3131"","
2014,3140,Moravskoslezský kraj,https://vdb.czso.cz/vdbvo2/faces/cs/index.jsf?page=vystup-objekt&z=T&f=TABULKA&pvo=VZD16b&c=v3~15__RP2014&u=v23__VUZEMI__100__3140,"""https://vdb.czso.cz/vdbvo2/faces/cs/index.jsf?page=vystup-objekt&z=T&f=TABULKA&pvo=VZD16b&c=v3~15__RP2014&u=v23__VUZEMI__100__3140"","
2015,3018,Hlavní m?sto Praha,https://vdb.czso.cz/vdbvo2/faces/cs/index.jsf?page=vystup-objekt&z=T&f=TABULKA&pvo=VZD16b&c=v3~15__RP2015&u=v23__VUZEMI__100__3018,"""https://vdb.czso.cz/vdbvo2/faces/cs/index.jsf?page=vystup-objekt&z=T&f=TABULKA&pvo=VZD16b&c=v3~15__RP2015&u=v23__VUZEMI__100__3018"","
2015,3026,St?edo?eský kraj,https://vdb.czso.cz/vdbvo2/faces/cs/index.jsf?page=vystup-objekt&z=T&f=TABULKA&pvo=VZD16b&c=v3~15__RP2015&u=v23__VUZEMI__100__3026,"""https://vdb.czso.cz/vdbvo2/faces/cs/index.jsf?page=vystup-objekt&z=T&f=TABULKA&pvo=VZD16b&c=v3~15__RP2015&u=v23__VUZEMI__100__3026"","
2015,3034,Jiho?eský kraj,https://vdb.czso.cz/vdbvo2/faces/cs/index.jsf?page=vystup-objekt&z=T&f=TABULKA&pvo=VZD16b&c=v3~15__RP2015&u=v23__VUZEMI__100__3034,"""https://vdb.czso.cz/vdbvo2/faces/cs/index.jsf?page=vystup-objekt&z=T&f=TABULKA&pvo=VZD16b&c=v3~15__RP2015&u=v23__VUZEMI__100__3034"","
2015,3042,Plze?ský kraj,https://vdb.czso.cz/vdbvo2/faces/cs/index.jsf?page=vystup-objekt&z=T&f=TABULKA&pvo=VZD16b&c=v3~15__RP2015&u=v23__VUZEMI__100__3042,"""https://vdb.czso.cz/vdbvo2/faces/cs/index.jsf?page=vystup-objekt&z=T&f=TABULKA&pvo=VZD16b&c=v3~15__RP2015&u=v23__VUZEMI__100__3042"","
2015,3051,Karlovarský kraj,https://vdb.czso.cz/vdbvo2/faces/cs/index.jsf?page=vystup-objekt&z=T&f=TABULKA&pvo=VZD16b&c=v3~15__RP2015&u=v23__VUZEMI__100__3051,"""https://vdb.czso.cz/vdbvo2/faces/cs/index.jsf?page=vystup-objekt&z=T&f=TABULKA&pvo=VZD16b&c=v3~15__RP2015&u=v23__VUZEMI__100__3051"","
2015,3069,Ústecký kraj,https://vdb.czso.cz/vdbvo2/faces/cs/index.jsf?page=vystup-objekt&z=T&f=TABULKA&pvo=VZD16b&c=v3~15__RP2015&u=v23__VUZEMI__100__3069,"""https://vdb.czso.cz/vdbvo2/faces/cs/index.jsf?page=vystup-objekt&z=T&f=TABULKA&pvo=VZD16b&c=v3~15__RP2015&u=v23__VUZEMI__100__3069"","
2015,3077,Liberecký kraj,https://vdb.czso.cz/vdbvo2/faces/cs/index.jsf?page=vystup-objekt&z=T&f=TABULKA&pvo=VZD16b&c=v3~15__RP2015&u=v23__VUZEMI__100__3077,"""https://vdb.czso.cz/vdbvo2/faces/cs/index.jsf?page=vystup-objekt&z=T&f=TABULKA&pvo=VZD16b&c=v3~15__RP2015&u=v23__VUZEMI__100__3077"","
2015,3085,Královéhradecký kraj,https://vdb.czso.cz/vdbvo2/faces/cs/index.jsf?page=vystup-objekt&z=T&f=TABULKA&pvo=VZD16b&c=v3~15__RP2015&u=v23__VUZEMI__100__3085,"""https://vdb.czso.cz/vdbvo2/faces/cs/index.jsf?page=vystup-objekt&z=T&f=TABULKA&pvo=VZD16b&c=v3~15__RP2015&u=v23__VUZEMI__100__3085"","
2015,3093,Pardubický kraj,https://vdb.czso.cz/vdbvo2/faces/cs/index.jsf?page=vystup-objekt&z=T&f=TABULKA&pvo=VZD16b&c=v3~15__RP2015&u=v23__VUZEMI__100__3093,"""https://vdb.czso.cz/vdbvo2/faces/cs/index.jsf?page=vystup-objekt&z=T&f=TABULKA&pvo=VZD16b&c=v3~15__RP2015&u=v23__VUZEMI__100__3093"","
2015,3107,Kraj Vyso?ina,https://vdb.czso.cz/vdbvo2/faces/cs/index.jsf?page=vystup-objekt&z=T&f=TABULKA&pvo=VZD16b&c=v3~15__RP2015&u=v23__VUZEMI__100__3107,"""https://vdb.czso.cz/vdbvo2/faces/cs/index.jsf?page=vystup-objekt&z=T&f=TABULKA&pvo=VZD16b&c=v3~15__RP2015&u=v23__VUZEMI__100__3107"","
2015,3115,Jihomoravský kraj,https://vdb.czso.cz/vdbvo2/faces/cs/index.jsf?page=vystup-objekt&z=T&f=TABULKA&pvo=VZD16b&c=v3~15__RP2015&u=v23__VUZEMI__100__3115,"""https://vdb.czso.cz/vdbvo2/faces/cs/index.jsf?page=vystup-objekt&z=T&f=TABULKA&pvo=VZD16b&c=v3~15__RP2015&u=v23__VUZEMI__100__3115"","
2015,3123,Olomoucký kraj,https://vdb.czso.cz/vdbvo2/faces/cs/index.jsf?page=vystup-objekt&z=T&f=TABULKA&pvo=VZD16b&c=v3~15__RP2015&u=v23__VUZEMI__100__3123,"""https://vdb.czso.cz/vdbvo2/faces/cs/index.jsf?page=vystup-objekt&z=T&f=TABULKA&pvo=VZD16b&c=v3~15__RP2015&u=v23__VUZEMI__100__3123"","
2015,3131,Zlínský kraj,https://vdb.czso.cz/vdbvo2/faces/cs/index.jsf?page=vystup-objekt&z=T&f=TABULKA&pvo=VZD16b&c=v3~15__RP2015&u=v23__VUZEMI__100__3131,"""https://vdb.czso.cz/vdbvo2/faces/cs/index.jsf?page=vystup-objekt&z=T&f=TABULKA&pvo=VZD16b&c=v3~15__RP2015&u=v23__VUZEMI__100__3131"","
2015,3140,Moravskoslezský kraj,https://vdb.czso.cz/vdbvo2/faces/cs/index.jsf?page=vystup-objekt&z=T&f=TABULKA&pvo=VZD16b&c=v3~15__RP2015&u=v23__VUZEMI__100__3140,"""https://vdb.czso.cz/vdbvo2/faces/cs/index.jsf?page=vystup-objekt&z=T&f=TABULKA&pvo=VZD16b&c=v3~15__RP2015&u=v23__VUZEMI__100__3140"","
2016,3018,Hlavní m?sto Praha,https://vdb.czso.cz/vdbvo2/faces/cs/index.jsf?page=vystup-objekt&z=T&f=TABULKA&pvo=VZD16b&c=v3~15__RP2016&u=v23__VUZEMI__100__3018,"""https://vdb.czso.cz/vdbvo2/faces/cs/index.jsf?page=vystup-objekt&z=T&f=TABULKA&pvo=VZD16b&c=v3~15__RP2016&u=v23__VUZEMI__100__3018"","
2016,3026,St?edo?eský kraj,https://vdb.czso.cz/vdbvo2/faces/cs/index.jsf?page=vystup-objekt&z=T&f=TABULKA&pvo=VZD16b&c=v3~15__RP2016&u=v23__VUZEMI__100__3026,"""https://vdb.czso.cz/vdbvo2/faces/cs/index.jsf?page=vystup-objekt&z=T&f=TABULKA&pvo=VZD16b&c=v3~15__RP2016&u=v23__VUZEMI__100__3026"","
2016,3034,Jiho?eský kraj,https://vdb.czso.cz/vdbvo2/faces/cs/index.jsf?page=vystup-objekt&z=T&f=TABULKA&pvo=VZD16b&c=v3~15__RP2016&u=v23__VUZEMI__100__3034,"""https://vdb.czso.cz/vdbvo2/faces/cs/index.jsf?page=vystup-objekt&z=T&f=TABULKA&pvo=VZD16b&c=v3~15__RP2016&u=v23__VUZEMI__100__3034"","
2016,3042,Plze?ský kraj,https://vdb.czso.cz/vdbvo2/faces/cs/index.jsf?page=vystup-objekt&z=T&f=TABULKA&pvo=VZD16b&c=v3~15__RP2016&u=v23__VUZEMI__100__3042,"""https://vdb.czso.cz/vdbvo2/faces/cs/index.jsf?page=vystup-objekt&z=T&f=TABULKA&pvo=VZD16b&c=v3~15__RP2016&u=v23__VUZEMI__100__3042"","
2016,3051,Karlovarský kraj,https://vdb.czso.cz/vdbvo2/faces/cs/index.jsf?page=vystup-objekt&z=T&f=TABULKA&pvo=VZD16b&c=v3~15__RP2016&u=v23__VUZEMI__100__3051,"""https://vdb.czso.cz/vdbvo2/faces/cs/index.jsf?page=vystup-objekt&z=T&f=TABULKA&pvo=VZD16b&c=v3~15__RP2016&u=v23__VUZEMI__100__3051"","
2016,3069,Ústecký kraj,https://vdb.czso.cz/vdbvo2/faces/cs/index.jsf?page=vystup-objekt&z=T&f=TABULKA&pvo=VZD16b&c=v3~15__RP2016&u=v23__VUZEMI__100__3069,"""https://vdb.czso.cz/vdbvo2/faces/cs/index.jsf?page=vystup-objekt&z=T&f=TABULKA&pvo=VZD16b&c=v3~15__RP2016&u=v23__VUZEMI__100__3069"","
2016,3077,Liberecký kraj,https://vdb.czso.cz/vdbvo2/faces/cs/index.jsf?page=vystup-objekt&z=T&f=TABULKA&pvo=VZD16b&c=v3~15__RP2016&u=v23__VUZEMI__100__3077,"""https://vdb.czso.cz/vdbvo2/faces/cs/index.jsf?page=vystup-objekt&z=T&f=TABULKA&pvo=VZD16b&c=v3~15__RP2016&u=v23__VUZEMI__100__3077"","
2016,3085,Královéhradecký kraj,https://vdb.czso.cz/vdbvo2/faces/cs/index.jsf?page=vystup-objekt&z=T&f=TABULKA&pvo=VZD16b&c=v3~15__RP2016&u=v23__VUZEMI__100__3085,"""https://vdb.czso.cz/vdbvo2/faces/cs/index.jsf?page=vystup-objekt&z=T&f=TABULKA&pvo=VZD16b&c=v3~15__RP2016&u=v23__VUZEMI__100__3085"","
2016,3093,Pardubický kraj,https://vdb.czso.cz/vdbvo2/faces/cs/index.jsf?page=vystup-objekt&z=T&f=TABULKA&pvo=VZD16b&c=v3~15__RP2016&u=v23__VUZEMI__100__3093,"""https://vdb.czso.cz/vdbvo2/faces/cs/index.jsf?page=vystup-objekt&z=T&f=TABULKA&pvo=VZD16b&c=v3~15__RP2016&u=v23__VUZEMI__100__3093"","
2016,3107,Kraj Vyso?ina,https://vdb.czso.cz/vdbvo2/faces/cs/index.jsf?page=vystup-objekt&z=T&f=TABULKA&pvo=VZD16b&c=v3~15__RP2016&u=v23__VUZEMI__100__3107,"""https://vdb.czso.cz/vdbvo2/faces/cs/index.jsf?page=vystup-objekt&z=T&f=TABULKA&pvo=VZD16b&c=v3~15__RP2016&u=v23__VUZEMI__100__3107"","
2016,3115,Jihomoravský kraj,https://vdb.czso.cz/vdbvo2/faces/cs/index.jsf?page=vystup-objekt&z=T&f=TABULKA&pvo=VZD16b&c=v3~15__RP2016&u=v23__VUZEMI__100__3115,"""https://vdb.czso.cz/vdbvo2/faces/cs/index.jsf?page=vystup-objekt&z=T&f=TABULKA&pvo=VZD16b&c=v3~15__RP2016&u=v23__VUZEMI__100__3115"","
2016,3123,Olomoucký kraj,https://vdb.czso.cz/vdbvo2/faces/cs/index.jsf?page=vystup-objekt&z=T&f=TABULKA&pvo=VZD16b&c=v3~15__RP2016&u=v23__VUZEMI__100__3123,"""https://vdb.czso.cz/vdbvo2/faces/cs/index.jsf?page=vystup-objekt&z=T&f=TABULKA&pvo=VZD16b&c=v3~15__RP2016&u=v23__VUZEMI__100__3123"","
2016,3131,Zlínský kraj,https://vdb.czso.cz/vdbvo2/faces/cs/index.jsf?page=vystup-objekt&z=T&f=TABULKA&pvo=VZD16b&c=v3~15__RP2016&u=v23__VUZEMI__100__3131,"""https://vdb.czso.cz/vdbvo2/faces/cs/index.jsf?page=vystup-objekt&z=T&f=TABULKA&pvo=VZD16b&c=v3~15__RP2016&u=v23__VUZEMI__100__3131"","
2016,3140,Moravskoslezský kraj,https://vdb.czso.cz/vdbvo2/faces/cs/index.jsf?page=vystup-objekt&z=T&f=TABULKA&pvo=VZD16b&c=v3~15__RP2016&u=v23__VUZEMI__100__3140,"""https://vdb.czso.cz/vdbvo2/faces/cs/index.jsf?page=vystup-objekt&z=T&f=TABULKA&pvo=VZD16b&c=v3~15__RP2016&u=v23__VUZEMI__100__3140"","
2017,3018,Hlavní m?sto Praha,https://vdb.czso.cz/vdbvo2/faces/cs/index.jsf?page=vystup-objekt&z=T&f=TABULKA&pvo=VZD16b&c=v3~15__RP2017&u=v23__VUZEMI__100__3018,"""https://vdb.czso.cz/vdbvo2/faces/cs/index.jsf?page=vystup-objekt&z=T&f=TABULKA&pvo=VZD16b&c=v3~15__RP2017&u=v23__VUZEMI__100__3018"","
2017,3026,St?edo?eský kraj,https://vdb.czso.cz/vdbvo2/faces/cs/index.jsf?page=vystup-objekt&z=T&f=TABULKA&pvo=VZD16b&c=v3~15__RP2017&u=v23__VUZEMI__100__3026,"""https://vdb.czso.cz/vdbvo2/faces/cs/index.jsf?page=vystup-objekt&z=T&f=TABULKA&pvo=VZD16b&c=v3~15__RP2017&u=v23__VUZEMI__100__3026"","
2017,3034,Jiho?eský kraj,https://vdb.czso.cz/vdbvo2/faces/cs/index.jsf?page=vystup-objekt&z=T&f=TABULKA&pvo=VZD16b&c=v3~15__RP2017&u=v23__VUZEMI__100__3034,"""https://vdb.czso.cz/vdbvo2/faces/cs/index.jsf?page=vystup-objekt&z=T&f=TABULKA&pvo=VZD16b&c=v3~15__RP2017&u=v23__VUZEMI__100__3034"","
2017,3042,Plze?ský kraj,https://vdb.czso.cz/vdbvo2/faces/cs/index.jsf?page=vystup-objekt&z=T&f=TABULKA&pvo=VZD16b&c=v3~15__RP2017&u=v23__VUZEMI__100__3042,"""https://vdb.czso.cz/vdbvo2/faces/cs/index.jsf?page=vystup-objekt&z=T&f=TABULKA&pvo=VZD16b&c=v3~15__RP2017&u=v23__VUZEMI__100__3042"","
2017,3051,Karlovarský kraj,https://vdb.czso.cz/vdbvo2/faces/cs/index.jsf?page=vystup-objekt&z=T&f=TABULKA&pvo=VZD16b&c=v3~15__RP2017&u=v23__VUZEMI__100__3051,"""https://vdb.czso.cz/vdbvo2/faces/cs/index.jsf?page=vystup-objekt&z=T&f=TABULKA&pvo=VZD16b&c=v3~15__RP2017&u=v23__VUZEMI__100__3051"","
2017,3069,Ústecký kraj,https://vdb.czso.cz/vdbvo2/faces/cs/index.jsf?page=vystup-objekt&z=T&f=TABULKA&pvo=VZD16b&c=v3~15__RP2017&u=v23__VUZEMI__100__3069,"""https://vdb.czso.cz/vdbvo2/faces/cs/index.jsf?page=vystup-objekt&z=T&f=TABULKA&pvo=VZD16b&c=v3~15__RP2017&u=v23__VUZEMI__100__3069"","
2017,3077,Liberecký kraj,https://vdb.czso.cz/vdbvo2/faces/cs/index.jsf?page=vystup-objekt&z=T&f=TABULKA&pvo=VZD16b&c=v3~15__RP2017&u=v23__VUZEMI__100__3077,"""https://vdb.czso.cz/vdbvo2/faces/cs/index.jsf?page=vystup-objekt&z=T&f=TABULKA&pvo=VZD16b&c=v3~15__RP2017&u=v23__VUZEMI__100__3077"","
2017,3085,Královéhradecký kraj,https://vdb.czso.cz/vdbvo2/faces/cs/index.jsf?page=vystup-objekt&z=T&f=TABULKA&pvo=VZD16b&c=v3~15__RP2017&u=v23__VUZEMI__100__3085,"""https://vdb.czso.cz/vdbvo2/faces/cs/index.jsf?page=vystup-objekt&z=T&f=TABULKA&pvo=VZD16b&c=v3~15__RP2017&u=v23__VUZEMI__100__3085"","
2017,3093,Pardubický kraj,https://vdb.czso.cz/vdbvo2/faces/cs/index.jsf?page=vystup-objekt&z=T&f=TABULKA&pvo=VZD16b&c=v3~15__RP2017&u=v23__VUZEMI__100__3093,"""https://vdb.czso.cz/vdbvo2/faces/cs/index.jsf?page=vystup-objekt&z=T&f=TABULKA&pvo=VZD16b&c=v3~15__RP2017&u=v23__VUZEMI__100__3093"","
2017,3107,Kraj Vyso?ina,https://vdb.czso.cz/vdbvo2/faces/cs/index.jsf?page=vystup-objekt&z=T&f=TABULKA&pvo=VZD16b&c=v3~15__RP2017&u=v23__VUZEMI__100__3107,"""https://vdb.czso.cz/vdbvo2/faces/cs/index.jsf?page=vystup-objekt&z=T&f=TABULKA&pvo=VZD16b&c=v3~15__RP2017&u=v23__VUZEMI__100__3107"","
2017,3115,Jihomoravský kraj,https://vdb.czso.cz/vdbvo2/faces/cs/index.jsf?page=vystup-objekt&z=T&f=TABULKA&pvo=VZD16b&c=v3~15__RP2017&u=v23__VUZEMI__100__3115,"""https://vdb.czso.cz/vdbvo2/faces/cs/index.jsf?page=vystup-objekt&z=T&f=TABULKA&pvo=VZD16b&c=v3~15__RP2017&u=v23__VUZEMI__100__3115"","
2017,3123,Olomoucký kraj,https://vdb.czso.cz/vdbvo2/faces/cs/index.jsf?page=vystup-objekt&z=T&f=TABULKA&pvo=VZD16b&c=v3~15__RP2017&u=v23__VUZEMI__100__3123,"""https://vdb.czso.cz/vdbvo2/faces/cs/index.jsf?page=vystup-objekt&z=T&f=TABULKA&pvo=VZD16b&c=v3~15__RP2017&u=v23__VUZEMI__100__3123"","
2017,3131,Zlínský kraj,https://vdb.czso.cz/vdbvo2/faces/cs/index.jsf?page=vystup-objekt&z=T&f=TABULKA&pvo=VZD16b&c=v3~15__RP2017&u=v23__VUZEMI__100__3131,"""https://vdb.czso.cz/vdbvo2/faces/cs/index.jsf?page=vystup-objekt&z=T&f=TABULKA&pvo=VZD16b&c=v3~15__RP2017&u=v23__VUZEMI__100__3131"","
2017,3140,Moravskoslezský kraj,https://vdb.czso.cz/vdbvo2/faces/cs/index.jsf?page=vystup-objekt&z=T&f=TABULKA&pvo=VZD16b&c=v3~15__RP2017&u=v23__VUZEMI__100__3140,"""https://vdb.czso.cz/vdbvo2/faces/cs/index.jsf?page=vystup-objekt&z=T&f=TABULKA&pvo=VZD16b&c=v3~15__RP2017&u=v23__VUZEMI__100__3140"","
2018,3018,Hlavní m?sto Praha,https://vdb.czso.cz/vdbvo2/faces/cs/index.jsf?page=vystup-objekt&z=T&f=TABULKA&pvo=VZD16b&c=v3~15__RP2018&u=v23__VUZEMI__100__3018,"""https://vdb.czso.cz/vdbvo2/faces/cs/index.jsf?page=vystup-objekt&z=T&f=TABULKA&pvo=VZD16b&c=v3~15__RP2018&u=v23__VUZEMI__100__3018"","
2018,3026,St?edo?eský kraj,https://vdb.czso.cz/vdbvo2/faces/cs/index.jsf?page=vystup-objekt&z=T&f=TABULKA&pvo=VZD16b&c=v3~15__RP2018&u=v23__VUZEMI__100__3026,"""https://vdb.czso.cz/vdbvo2/faces/cs/index.jsf?page=vystup-objekt&z=T&f=TABULKA&pvo=VZD16b&c=v3~15__RP2018&u=v23__VUZEMI__100__3026"","
2018,3034,Jiho?eský kraj,https://vdb.czso.cz/vdbvo2/faces/cs/index.jsf?page=vystup-objekt&z=T&f=TABULKA&pvo=VZD16b&c=v3~15__RP2018&u=v23__VUZEMI__100__3034,"""https://vdb.czso.cz/vdbvo2/faces/cs/index.jsf?page=vystup-objekt&z=T&f=TABULKA&pvo=VZD16b&c=v3~15__RP2018&u=v23__VUZEMI__100__3034"","
2018,3042,Plze?ský kraj,https://vdb.czso.cz/vdbvo2/faces/cs/index.jsf?page=vystup-objekt&z=T&f=TABULKA&pvo=VZD16b&c=v3~15__RP2018&u=v23__VUZEMI__100__3042,"""https://vdb.czso.cz/vdbvo2/faces/cs/index.jsf?page=vystup-objekt&z=T&f=TABULKA&pvo=VZD16b&c=v3~15__RP2018&u=v23__VUZEMI__100__3042"","
2018,3051,Karlovarský kraj,https://vdb.czso.cz/vdbvo2/faces/cs/index.jsf?page=vystup-objekt&z=T&f=TABULKA&pvo=VZD16b&c=v3~15__RP2018&u=v23__VUZEMI__100__3051,"""https://vdb.czso.cz/vdbvo2/faces/cs/index.jsf?page=vystup-objekt&z=T&f=TABULKA&pvo=VZD16b&c=v3~15__RP2018&u=v23__VUZEMI__100__3051"","
2018,3069,Ústecký kraj,https://vdb.czso.cz/vdbvo2/faces/cs/index.jsf?page=vystup-objekt&z=T&f=TABULKA&pvo=VZD16b&c=v3~15__RP2018&u=v23__VUZEMI__100__3069,"""https://vdb.czso.cz/vdbvo2/faces/cs/index.jsf?page=vystup-objekt&z=T&f=TABULKA&pvo=VZD16b&c=v3~15__RP2018&u=v23__VUZEMI__100__3069"","
2018,3077,Liberecký kraj,https://vdb.czso.cz/vdbvo2/faces/cs/index.jsf?page=vystup-objekt&z=T&f=TABULKA&pvo=VZD16b&c=v3~15__RP2018&u=v23__VUZEMI__100__3077,"""https://vdb.czso.cz/vdbvo2/faces/cs/index.jsf?page=vystup-objekt&z=T&f=TABULKA&pvo=VZD16b&c=v3~15__RP2018&u=v23__VUZEMI__100__3077"","
2018,3085,Královéhradecký kraj,https://vdb.czso.cz/vdbvo2/faces/cs/index.jsf?page=vystup-objekt&z=T&f=TABULKA&pvo=VZD16b&c=v3~15__RP2018&u=v23__VUZEMI__100__3085,"""https://vdb.czso.cz/vdbvo2/faces/cs/index.jsf?page=vystup-objekt&z=T&f=TABULKA&pvo=VZD16b&c=v3~15__RP2018&u=v23__VUZEMI__100__3085"","
2018,3093,Pardubický kraj,https://vdb.czso.cz/vdbvo2/faces/cs/index.jsf?page=vystup-objekt&z=T&f=TABULKA&pvo=VZD16b&c=v3~15__RP2018&u=v23__VUZEMI__100__3093,"""https://vdb.czso.cz/vdbvo2/faces/cs/index.jsf?page=vystup-objekt&z=T&f=TABULKA&pvo=VZD16b&c=v3~15__RP2018&u=v23__VUZEMI__100__3093"","
2018,3107,Kraj Vyso?ina,https://vdb.czso.cz/vdbvo2/faces/cs/index.jsf?page=vystup-objekt&z=T&f=TABULKA&pvo=VZD16b&c=v3~15__RP2018&u=v23__VUZEMI__100__3107,"""https://vdb.czso.cz/vdbvo2/faces/cs/index.jsf?page=vystup-objekt&z=T&f=TABULKA&pvo=VZD16b&c=v3~15__RP2018&u=v23__VUZEMI__100__3107"","
2018,3115,Jihomoravský kraj,https://vdb.czso.cz/vdbvo2/faces/cs/index.jsf?page=vystup-objekt&z=T&f=TABULKA&pvo=VZD16b&c=v3~15__RP2018&u=v23__VUZEMI__100__3115,"""https://vdb.czso.cz/vdbvo2/faces/cs/index.jsf?page=vystup-objekt&z=T&f=TABULKA&pvo=VZD16b&c=v3~15__RP2018&u=v23__VUZEMI__100__3115"","
2018,3123,Olomoucký kraj,https://vdb.czso.cz/vdbvo2/faces/cs/index.jsf?page=vystup-objekt&z=T&f=TABULKA&pvo=VZD16b&c=v3~15__RP2018&u=v23__VUZEMI__100__3123,"""https://vdb.czso.cz/vdbvo2/faces/cs/index.jsf?page=vystup-objekt&z=T&f=TABULKA&pvo=VZD16b&c=v3~15__RP2018&u=v23__VUZEMI__100__3123"","
2018,3131,Zlínský kraj,https://vdb.czso.cz/vdbvo2/faces/cs/index.jsf?page=vystup-objekt&z=T&f=TABULKA&pvo=VZD16b&c=v3~15__RP2018&u=v23__VUZEMI__100__3131,"""https://vdb.czso.cz/vdbvo2/faces/cs/index.jsf?page=vystup-objekt&z=T&f=TABULKA&pvo=VZD16b&c=v3~15__RP2018&u=v23__VUZEMI__100__3131"","
2018,3140,Moravskoslezský kraj,https://vdb.czso.cz/vdbvo2/faces/cs/index.jsf?page=vystup-objekt&z=T&f=TABULKA&pvo=VZD16b&c=v3~15__RP2018&u=v23__VUZEMI__100__3140,"""https://vdb.czso.cz/vdbvo2/faces/cs/index.jsf?page=vystup-objekt&z=T&f=TABULKA&pvo=VZD16b&c=v3~15__RP2018&u=v23__VUZEMI__100__3140"","
2019,3018,Hlavní m?sto Praha,https://vdb.czso.cz/vdbvo2/faces/cs/index.jsf?page=vystup-objekt&z=T&f=TABULKA&pvo=VZD16b&c=v3~15__RP2019&u=v23__VUZEMI__100__3018,"""https://vdb.czso.cz/vdbvo2/faces/cs/index.jsf?page=vystup-objekt&z=T&f=TABULKA&pvo=VZD16b&c=v3~15__RP2019&u=v23__VUZEMI__100__3018"","
2019,3026,St?edo?eský kraj,https://vdb.czso.cz/vdbvo2/faces/cs/index.jsf?page=vystup-objekt&z=T&f=TABULKA&pvo=VZD16b&c=v3~15__RP2019&u=v23__VUZEMI__100__3026,"""https://vdb.czso.cz/vdbvo2/faces/cs/index.jsf?page=vystup-objekt&z=T&f=TABULKA&pvo=VZD16b&c=v3~15__RP2019&u=v23__VUZEMI__100__3026"","
2019,3034,Jiho?eský kraj,https://vdb.czso.cz/vdbvo2/faces/cs/index.jsf?page=vystup-objekt&z=T&f=TABULKA&pvo=VZD16b&c=v3~15__RP2019&u=v23__VUZEMI__100__3034,"""https://vdb.czso.cz/vdbvo2/faces/cs/index.jsf?page=vystup-objekt&z=T&f=TABULKA&pvo=VZD16b&c=v3~15__RP2019&u=v23__VUZEMI__100__3034"","
2019,3042,Plze?ský kraj,https://vdb.czso.cz/vdbvo2/faces/cs/index.jsf?page=vystup-objekt&z=T&f=TABULKA&pvo=VZD16b&c=v3~15__RP2019&u=v23__VUZEMI__100__3042,"""https://vdb.czso.cz/vdbvo2/faces/cs/index.jsf?page=vystup-objekt&z=T&f=TABULKA&pvo=VZD16b&c=v3~15__RP2019&u=v23__VUZEMI__100__3042"","
2019,3051,Karlovarský kraj,https://vdb.czso.cz/vdbvo2/faces/cs/index.jsf?page=vystup-objekt&z=T&f=TABULKA&pvo=VZD16b&c=v3~15__RP2019&u=v23__VUZEMI__100__3051,"""https://vdb.czso.cz/vdbvo2/faces/cs/index.jsf?page=vystup-objekt&z=T&f=TABULKA&pvo=VZD16b&c=v3~15__RP2019&u=v23__VUZEMI__100__3051"","
2019,3069,Ústecký kraj,https://vdb.czso.cz/vdbvo2/faces/cs/index.jsf?page=vystup-objekt&z=T&f=TABULKA&pvo=VZD16b&c=v3~15__RP2019&u=v23__VUZEMI__100__3069,"""https://vdb.czso.cz/vdbvo2/faces/cs/index.jsf?page=vystup-objekt&z=T&f=TABULKA&pvo=VZD16b&c=v3~15__RP2019&u=v23__VUZEMI__100__3069"","
2019,3077,Liberecký kraj,https://vdb.czso.cz/vdbvo2/faces/cs/index.jsf?page=vystup-objekt&z=T&f=TABULKA&pvo=VZD16b&c=v3~15__RP2019&u=v23__VUZEMI__100__3077,"""https://vdb.czso.cz/vdbvo2/faces/cs/index.jsf?page=vystup-objekt&z=T&f=TABULKA&pvo=VZD16b&c=v3~15__RP2019&u=v23__VUZEMI__100__3077"","
2019,3085,Královéhradecký kraj,https://vdb.czso.cz/vdbvo2/faces/cs/index.jsf?page=vystup-objekt&z=T&f=TABULKA&pvo=VZD16b&c=v3~15__RP2019&u=v23__VUZEMI__100__3085,"""https://vdb.czso.cz/vdbvo2/faces/cs/index.jsf?page=vystup-objekt&z=T&f=TABULKA&pvo=VZD16b&c=v3~15__RP2019&u=v23__VUZEMI__100__3085"","
2019,3093,Pardubický kraj,https://vdb.czso.cz/vdbvo2/faces/cs/index.jsf?page=vystup-objekt&z=T&f=TABULKA&pvo=VZD16b&c=v3~15__RP2019&u=v23__VUZEMI__100__3093,"""https://vdb.czso.cz/vdbvo2/faces/cs/index.jsf?page=vystup-objekt&z=T&f=TABULKA&pvo=VZD16b&c=v3~15__RP2019&u=v23__VUZEMI__100__3093"","
2019,3107,Kraj Vyso?ina,https://vdb.czso.cz/vdbvo2/faces/cs/index.jsf?page=vystup-objekt&z=T&f=TABULKA&pvo=VZD16b&c=v3~15__RP2019&u=v23__VUZEMI__100__3107,"""https://vdb.czso.cz/vdbvo2/faces/cs/index.jsf?page=vystup-objekt&z=T&f=TABULKA&pvo=VZD16b&c=v3~15__RP2019&u=v23__VUZEMI__100__3107"","
2019,3115,Jihomoravský kraj,https://vdb.czso.cz/vdbvo2/faces/cs/index.jsf?page=vystup-objekt&z=T&f=TABULKA&pvo=VZD16b&c=v3~15__RP2019&u=v23__VUZEMI__100__3115,"""https://vdb.czso.cz/vdbvo2/faces/cs/index.jsf?page=vystup-objekt&z=T&f=TABULKA&pvo=VZD16b&c=v3~15__RP2019&u=v23__VUZEMI__100__3115"","
2019,3123,Olomoucký kraj,https://vdb.czso.cz/vdbvo2/faces/cs/index.jsf?page=vystup-objekt&z=T&f=TABULKA&pvo=VZD16b&c=v3~15__RP2019&u=v23__VUZEMI__100__3123,"""https://vdb.czso.cz/vdbvo2/faces/cs/index.jsf?page=vystup-objekt&z=T&f=TABULKA&pvo=VZD16b&c=v3~15__RP2019&u=v23__VUZEMI__100__3123"","
2019,3131,Zlínský kraj,https://vdb.czso.cz/vdbvo2/faces/cs/index.jsf?page=vystup-objekt&z=T&f=TABULKA&pvo=VZD16b&c=v3~15__RP2019&u=v23__VUZEMI__100__3131,"""https://vdb.czso.cz/vdbvo2/faces/cs/index.jsf?page=vystup-objekt&z=T&f=TABULKA&pvo=VZD16b&c=v3~15__RP2019&u=v23__VUZEMI__100__3131"","
2019,3140,Moravskoslezský kraj,https://vdb.czso.cz/vdbvo2/faces/cs/index.jsf?page=vystup-objekt&z=T&f=TABULKA&pvo=VZD16b&c=v3~15__RP2019&u=v23__VUZEMI__100__3140,"""https://vdb.czso.cz/vdbvo2/faces/cs/index.jsf?page=vystup-objekt&z=T&f=TABULKA&pvo=VZD16b&c=v3~15__RP2019&u=v23__VUZEMI__100__3140"","
2020,3018,Hlavní m?sto Praha,https://vdb.czso.cz/vdbvo2/faces/cs/index.jsf?page=vystup-objekt&z=T&f=TABULKA&pvo=VZD16b&c=v3~15__RP2020&u=v23__VUZEMI__100__3018,"""https://vdb.czso.cz/vdbvo2/faces/cs/index.jsf?page=vystup-objekt&z=T&f=TABULKA&pvo=VZD16b&c=v3~15__RP2020&u=v23__VUZEMI__100__3018"","
2020,3026,St?edo?eský kraj,https://vdb.czso.cz/vdbvo2/faces/cs/index.jsf?page=vystup-objekt&z=T&f=TABULKA&pvo=VZD16b&c=v3~15__RP2020&u=v23__VUZEMI__100__3026,"""https://vdb.czso.cz/vdbvo2/faces/cs/index.jsf?page=vystup-objekt&z=T&f=TABULKA&pvo=VZD16b&c=v3~15__RP2020&u=v23__VUZEMI__100__3026"","
2020,3034,Jiho?eský kraj,https://vdb.czso.cz/vdbvo2/faces/cs/index.jsf?page=vystup-objekt&z=T&f=TABULKA&pvo=VZD16b&c=v3~15__RP2020&u=v23__VUZEMI__100__3034,"""https://vdb.czso.cz/vdbvo2/faces/cs/index.jsf?page=vystup-objekt&z=T&f=TABULKA&pvo=VZD16b&c=v3~15__RP2020&u=v23__VUZEMI__100__3034"","
2020,3042,Plze?ský kraj,https://vdb.czso.cz/vdbvo2/faces/cs/index.jsf?page=vystup-objekt&z=T&f=TABULKA&pvo=VZD16b&c=v3~15__RP2020&u=v23__VUZEMI__100__3042,"""https://vdb.czso.cz/vdbvo2/faces/cs/index.jsf?page=vystup-objekt&z=T&f=TABULKA&pvo=VZD16b&c=v3~15__RP2020&u=v23__VUZEMI__100__3042"","
2020,3051,Karlovarský kraj,https://vdb.czso.cz/vdbvo2/faces/cs/index.jsf?page=vystup-objekt&z=T&f=TABULKA&pvo=VZD16b&c=v3~15__RP2020&u=v23__VUZEMI__100__3051,"""https://vdb.czso.cz/vdbvo2/faces/cs/index.jsf?page=vystup-objekt&z=T&f=TABULKA&pvo=VZD16b&c=v3~15__RP2020&u=v23__VUZEMI__100__3051"","
2020,3069,Ústecký kraj,https://vdb.czso.cz/vdbvo2/faces/cs/index.jsf?page=vystup-objekt&z=T&f=TABULKA&pvo=VZD16b&c=v3~15__RP2020&u=v23__VUZEMI__100__3069,"""https://vdb.czso.cz/vdbvo2/faces/cs/index.jsf?page=vystup-objekt&z=T&f=TABULKA&pvo=VZD16b&c=v3~15__RP2020&u=v23__VUZEMI__100__3069"","
2020,3077,Liberecký kraj,https://vdb.czso.cz/vdbvo2/faces/cs/index.jsf?page=vystup-objekt&z=T&f=TABULKA&pvo=VZD16b&c=v3~15__RP2020&u=v23__VUZEMI__100__3077,"""https://vdb.czso.cz/vdbvo2/faces/cs/index.jsf?page=vystup-objekt&z=T&f=TABULKA&pvo=VZD16b&c=v3~15__RP2020&u=v23__VUZEMI__100__3077"","
2020,3085,Královéhradecký kraj,https://vdb.czso.cz/vdbvo2/faces/cs/index.jsf?page=vystup-objekt&z=T&f=TABULKA&pvo=VZD16b&c=v3~15__RP2020&u=v23__VUZEMI__100__3085,"""https://vdb.czso.cz/vdbvo2/faces/cs/index.jsf?page=vystup-objekt&z=T&f=TABULKA&pvo=VZD16b&c=v3~15__RP2020&u=v23__VUZEMI__100__3085"","
2020,3093,Pardubický kraj,https://vdb.czso.cz/vdbvo2/faces/cs/index.jsf?page=vystup-objekt&z=T&f=TABULKA&pvo=VZD16b&c=v3~15__RP2020&u=v23__VUZEMI__100__3093,"""https://vdb.czso.cz/vdbvo2/faces/cs/index.jsf?page=vystup-objekt&z=T&f=TABULKA&pvo=VZD16b&c=v3~15__RP2020&u=v23__VUZEMI__100__3093"","
2020,3107,Kraj Vyso?ina,https://vdb.czso.cz/vdbvo2/faces/cs/index.jsf?page=vystup-objekt&z=T&f=TABULKA&pvo=VZD16b&c=v3~15__RP2020&u=v23__VUZEMI__100__3107,"""https://vdb.czso.cz/vdbvo2/faces/cs/index.jsf?page=vystup-objekt&z=T&f=TABULKA&pvo=VZD16b&c=v3~15__RP2020&u=v23__VUZEMI__100__3107"","
2020,3115,Jihomoravský kraj,https://vdb.czso.cz/vdbvo2/faces/cs/index.jsf?page=vystup-objekt&z=T&f=TABULKA&pvo=VZD16b&c=v3~15__RP2020&u=v23__VUZEMI__100__3115,"""https://vdb.czso.cz/vdbvo2/faces/cs/index.jsf?page=vystup-objekt&z=T&f=TABULKA&pvo=VZD16b&c=v3~15__RP2020&u=v23__VUZEMI__100__3115"","
2020,3123,Olomoucký kraj,https://vdb.czso.cz/vdbvo2/faces/cs/index.jsf?page=vystup-objekt&z=T&f=TABULKA&pvo=VZD16b&c=v3~15__RP2020&u=v23__VUZEMI__100__3123,"""https://vdb.czso.cz/vdbvo2/faces/cs/index.jsf?page=vystup-objekt&z=T&f=TABULKA&pvo=VZD16b&c=v3~15__RP2020&u=v23__VUZEMI__100__3123"","
2020,3131,Zlínský kraj,https://vdb.czso.cz/vdbvo2/faces/cs/index.jsf?page=vystup-objekt&z=T&f=TABULKA&pvo=VZD16b&c=v3~15__RP2020&u=v23__VUZEMI__100__3131,"""https://vdb.czso.cz/vdbvo2/faces/cs/index.jsf?page=vystup-objekt&z=T&f=TABULKA&pvo=VZD16b&c=v3~15__RP2020&u=v23__VUZEMI__100__3131"","
2020,3140,Moravskoslezský kraj,https://vdb.czso.cz/vdbvo2/faces/cs/index.jsf?page=vystup-objekt&z=T&f=TABULKA&pvo=VZD16b&c=v3~15__RP2020&u=v23__VUZEMI__100__3140,"""https://vdb.czso.cz/vdbvo2/faces/cs/index.jsf?page=vystup-objekt&z=T&f=TABULKA&pvo=VZD16b&c=v3~15__RP2020&u=v23__VUZEMI__100__3140"","
2021,3018,Hlavní m?sto Praha,https://vdb.czso.cz/vdbvo2/faces/cs/index.jsf?page=vystup-objekt&z=T&f=TABULKA&pvo=VZD16b&c=v3~15__RP2021&u=v23__VUZEMI__100__3018,"""https://vdb.czso.cz/vdbvo2/faces/cs/index.jsf?page=vystup-objekt&z=T&f=TABULKA&pvo=VZD16b&c=v3~15__RP2021&u=v23__VUZEMI__100__3018"","
2021,3026,St?edo?eský kraj,https://vdb.czso.cz/vdbvo2/faces/cs/index.jsf?page=vystup-objekt&z=T&f=TABULKA&pvo=VZD16b&c=v3~15__RP2021&u=v23__VUZEMI__100__3026,"""https://vdb.czso.cz/vdbvo2/faces/cs/index.jsf?page=vystup-objekt&z=T&f=TABULKA&pvo=VZD16b&c=v3~15__RP2021&u=v23__VUZEMI__100__3026"","
2021,3034,Jiho?eský kraj,https://vdb.czso.cz/vdbvo2/faces/cs/index.jsf?page=vystup-objekt&z=T&f=TABULKA&pvo=VZD16b&c=v3~15__RP2021&u=v23__VUZEMI__100__3034,"""https://vdb.czso.cz/vdbvo2/faces/cs/index.jsf?page=vystup-objekt&z=T&f=TABULKA&pvo=VZD16b&c=v3~15__RP2021&u=v23__VUZEMI__100__3034"","
2021,3042,Plze?ský kraj,https://vdb.czso.cz/vdbvo2/faces/cs/index.jsf?page=vystup-objekt&z=T&f=TABULKA&pvo=VZD16b&c=v3~15__RP2021&u=v23__VUZEMI__100__3042,"""https://vdb.czso.cz/vdbvo2/faces/cs/index.jsf?page=vystup-objekt&z=T&f=TABULKA&pvo=VZD16b&c=v3~15__RP2021&u=v23__VUZEMI__100__3042"","
2021,3051,Karlovarský kraj,https://vdb.czso.cz/vdbvo2/faces/cs/index.jsf?page=vystup-objekt&z=T&f=TABULKA&pvo=VZD16b&c=v3~15__RP2021&u=v23__VUZEMI__100__3051,"""https://vdb.czso.cz/vdbvo2/faces/cs/index.jsf?page=vystup-objekt&z=T&f=TABULKA&pvo=VZD16b&c=v3~15__RP2021&u=v23__VUZEMI__100__3051"","
2021,3069,Ústecký kraj,https://vdb.czso.cz/vdbvo2/faces/cs/index.jsf?page=vystup-objekt&z=T&f=TABULKA&pvo=VZD16b&c=v3~15__RP2021&u=v23__VUZEMI__100__3069,"""https://vdb.czso.cz/vdbvo2/faces/cs/index.jsf?page=vystup-objekt&z=T&f=TABULKA&pvo=VZD16b&c=v3~15__RP2021&u=v23__VUZEMI__100__3069"","
2021,3077,Liberecký kraj,https://vdb.czso.cz/vdbvo2/faces/cs/index.jsf?page=vystup-objekt&z=T&f=TABULKA&pvo=VZD16b&c=v3~15__RP2021&u=v23__VUZEMI__100__3077,"""https://vdb.czso.cz/vdbvo2/faces/cs/index.jsf?page=vystup-objekt&z=T&f=TABULKA&pvo=VZD16b&c=v3~15__RP2021&u=v23__VUZEMI__100__3077"","
2021,3085,Královéhradecký kraj,https://vdb.czso.cz/vdbvo2/faces/cs/index.jsf?page=vystup-objekt&z=T&f=TABULKA&pvo=VZD16b&c=v3~15__RP2021&u=v23__VUZEMI__100__3085,"""https://vdb.czso.cz/vdbvo2/faces/cs/index.jsf?page=vystup-objekt&z=T&f=TABULKA&pvo=VZD16b&c=v3~15__RP2021&u=v23__VUZEMI__100__3085"","
2021,3093,Pardubický kraj,https://vdb.czso.cz/vdbvo2/faces/cs/index.jsf?page=vystup-objekt&z=T&f=TABULKA&pvo=VZD16b&c=v3~15__RP2021&u=v23__VUZEMI__100__3093,"""https://vdb.czso.cz/vdbvo2/faces/cs/index.jsf?page=vystup-objekt&z=T&f=TABULKA&pvo=VZD16b&c=v3~15__RP2021&u=v23__VUZEMI__100__3093"","
2021,3107,Kraj Vyso?ina,https://vdb.czso.cz/vdbvo2/faces/cs/index.jsf?page=vystup-objekt&z=T&f=TABULKA&pvo=VZD16b&c=v3~15__RP2021&u=v23__VUZEMI__100__3107,"""https://vdb.czso.cz/vdbvo2/faces/cs/index.jsf?page=vystup-objekt&z=T&f=TABULKA&pvo=VZD16b&c=v3~15__RP2021&u=v23__VUZEMI__100__3107"","
2021,3115,Jihomoravský kraj,https://vdb.czso.cz/vdbvo2/faces/cs/index.jsf?page=vystup-objekt&z=T&f=TABULKA&pvo=VZD16b&c=v3~15__RP2021&u=v23__VUZEMI__100__3115,"""https://vdb.czso.cz/vdbvo2/faces/cs/index.jsf?page=vystup-objekt&z=T&f=TABULKA&pvo=VZD16b&c=v3~15__RP2021&u=v23__VUZEMI__100__3115"","
2021,3123,Olomoucký kraj,https://vdb.czso.cz/vdbvo2/faces/cs/index.jsf?page=vystup-objekt&z=T&f=TABULKA&pvo=VZD16b&c=v3~15__RP2021&u=v23__VUZEMI__100__3123,"""https://vdb.czso.cz/vdbvo2/faces/cs/index.jsf?page=vystup-objekt&z=T&f=TABULKA&pvo=VZD16b&c=v3~15__RP2021&u=v23__VUZEMI__100__3123"","
2021,3131,Zlínský kraj,https://vdb.czso.cz/vdbvo2/faces/cs/index.jsf?page=vystup-objekt&z=T&f=TABULKA&pvo=VZD16b&c=v3~15__RP2021&u=v23__VUZEMI__100__3131,"""https://vdb.czso.cz/vdbvo2/faces/cs/index.jsf?page=vystup-objekt&z=T&f=TABULKA&pvo=VZD16b&c=v3~15__RP2021&u=v23__VUZEMI__100__3131"","
2021,3140,Moravskoslezský kraj,https://vdb.czso.cz/vdbvo2/faces/cs/index.jsf?page=vystup-objekt&z=T&f=TABULKA&pvo=VZD16b&c=v3~15__RP2021&u=v23__VUZEMI__100__3140,"""https://vdb.czso.cz/vdbvo2/faces/cs/index.jsf?page=vystup-objekt&z=T&f=TABULKA&pvo=VZD16b&c=v3~15__RP2021&u=v23__VUZEMI__100__3140"","
2022,3018,Hlavní m?sto Praha,https://vdb.czso.cz/vdbvo2/faces/cs/index.jsf?page=vystup-objekt&z=T&f=TABULKA&pvo=VZD16b&c=v3~15__RP2022&u=v23__VUZEMI__100__3018,"""https://vdb.czso.cz/vdbvo2/faces/cs/index.jsf?page=vystup-objekt&z=T&f=TABULKA&pvo=VZD16b&c=v3~15__RP2022&u=v23__VUZEMI__100__3018"","
2022,3026,St?edo?eský kraj,https://vdb.czso.cz/vdbvo2/faces/cs/index.jsf?page=vystup-objekt&z=T&f=TABULKA&pvo=VZD16b&c=v3~15__RP2022&u=v23__VUZEMI__100__3026,"""https://vdb.czso.cz/vdbvo2/faces/cs/index.jsf?page=vystup-objekt&z=T&f=TABULKA&pvo=VZD16b&c=v3~15__RP2022&u=v23__VUZEMI__100__3026"","
2022,3034,Jiho?eský kraj,https://vdb.czso.cz/vdbvo2/faces/cs/index.jsf?page=vystup-objekt&z=T&f=TABULKA&pvo=VZD16b&c=v3~15__RP2022&u=v23__VUZEMI__100__3034,"""https://vdb.czso.cz/vdbvo2/faces/cs/index.jsf?page=vystup-objekt&z=T&f=TABULKA&pvo=VZD16b&c=v3~15__RP2022&u=v23__VUZEMI__100__3034"","
2022,3042,Plze?ský kraj,https://vdb.czso.cz/vdbvo2/faces/cs/index.jsf?page=vystup-objekt&z=T&f=TABULKA&pvo=VZD16b&c=v3~15__RP2022&u=v23__VUZEMI__100__3042,"""https://vdb.czso.cz/vdbvo2/faces/cs/index.jsf?page=vystup-objekt&z=T&f=TABULKA&pvo=VZD16b&c=v3~15__RP2022&u=v23__VUZEMI__100__3042"","
2022,3051,Karlovarský kraj,https://vdb.czso.cz/vdbvo2/faces/cs/index.jsf?page=vystup-objekt&z=T&f=TABULKA&pvo=VZD16b&c=v3~15__RP2022&u=v23__VUZEMI__100__3051,"""https://vdb.czso.cz/vdbvo2/faces/cs/index.jsf?page=vystup-objekt&z=T&f=TABULKA&pvo=VZD16b&c=v3~15__RP2022&u=v23__VUZEMI__100__3051"","
2022,3069,Ústecký kraj,https://vdb.czso.cz/vdbvo2/faces/cs/index.jsf?page=vystup-objekt&z=T&f=TABULKA&pvo=VZD16b&c=v3~15__RP2022&u=v23__VUZEMI__100__3069,"""https://vdb.czso.cz/vdbvo2/faces/cs/index.jsf?page=vystup-objekt&z=T&f=TABULKA&pvo=VZD16b&c=v3~15__RP2022&u=v23__VUZEMI__100__3069"","
2022,3077,Liberecký kraj,https://vdb.czso.cz/vdbvo2/faces/cs/index.jsf?page=vystup-objekt&z=T&f=TABULKA&pvo=VZD16b&c=v3~15__RP2022&u=v23__VUZEMI__100__3077,"""https://vdb.czso.cz/vdbvo2/faces/cs/index.jsf?page=vystup-objekt&z=T&f=TABULKA&pvo=VZD16b&c=v3~15__RP2022&u=v23__VUZEMI__100__3077"","
2022,3085,Královéhradecký kraj,https://vdb.czso.cz/vdbvo2/faces/cs/index.jsf?page=vystup-objekt&z=T&f=TABULKA&pvo=VZD16b&c=v3~15__RP2022&u=v23__VUZEMI__100__3085,"""https://vdb.czso.cz/vdbvo2/faces/cs/index.jsf?page=vystup-objekt&z=T&f=TABULKA&pvo=VZD16b&c=v3~15__RP2022&u=v23__VUZEMI__100__3085"","
2022,3093,Pardubický kraj,https://vdb.czso.cz/vdbvo2/faces/cs/index.jsf?page=vystup-objekt&z=T&f=TABULKA&pvo=VZD16b&c=v3~15__RP2022&u=v23__VUZEMI__100__3093,"""https://vdb.czso.cz/vdbvo2/faces/cs/index.jsf?page=vystup-objekt&z=T&f=TABULKA&pvo=VZD16b&c=v3~15__RP2022&u=v23__VUZEMI__100__3093"","
2022,3107,Kraj Vyso?ina,https://vdb.czso.cz/vdbvo2/faces/cs/index.jsf?page=vystup-objekt&z=T&f=TABULKA&pvo=VZD16b&c=v3~15__RP2022&u=v23__VUZEMI__100__3107,"""https://vdb.czso.cz/vdbvo2/faces/cs/index.jsf?page=vystup-objekt&z=T&f=TABULKA&pvo=VZD16b&c=v3~15__RP2022&u=v23__VUZEMI__100__3107"","
2022,3115,Jihomoravský kraj,https://vdb.czso.cz/vdbvo2/faces/cs/index.jsf?page=vystup-objekt&z=T&f=TABULKA&pvo=VZD16b&c=v3~15__RP2022&u=v23__VUZEMI__100__3115,"""https://vdb.czso.cz/vdbvo2/faces/cs/index.jsf?page=vystup-objekt&z=T&f=TABULKA&pvo=VZD16b&c=v3~15__RP2022&u=v23__VUZEMI__100__3115"","
2022,3123,Olomoucký kraj,https://vdb.czso.cz/vdbvo2/faces/cs/index.jsf?page=vystup-objekt&z=T&f=TABULKA&pvo=VZD16b&c=v3~15__RP2022&u=v23__VUZEMI__100__3123,"""https://vdb.czso.cz/vdbvo2/faces/cs/index.jsf?page=vystup-objekt&z=T&f=TABULKA&pvo=VZD16b&c=v3~15__RP2022&u=v23__VUZEMI__100__3123"","
2022,3131,Zlínský kraj,https://vdb.czso.cz/vdbvo2/faces/cs/index.jsf?page=vystup-objekt&z=T&f=TABULKA&pvo=VZD16b&c=v3~15__RP2022&u=v23__VUZEMI__100__3131,"""https://vdb.czso.cz/vdbvo2/faces/cs/index.jsf?page=vystup-objekt&z=T&f=TABULKA&pvo=VZD16b&c=v3~15__RP2022&u=v23__VUZEMI__100__3131"","
2022,3140,Moravskoslezský kraj,https://vdb.czso.cz/vdbvo2/faces/cs/index.jsf?page=vystup-objekt&z=T&f=TABULKA&pvo=VZD16b&c=v3~15__RP2022&u=v23__VUZEMI__100__3140,"""https://vdb.czso.cz/vdbvo2/faces/cs/index.jsf?page=vystup-objekt&z=T&f=TABULKA&pvo=VZD16b&c=v3~15__RP2022&u=v23__VUZEMI__100__3140"","
2023,3018,Hlavní m?sto Praha,https://vdb.czso.cz/vdbvo2/faces/cs/index.jsf?page=vystup-objekt&z=T&f=TABULKA&pvo=VZD16b&c=v3~15__RP2023&u=v23__VUZEMI__100__3018,"""https://vdb.czso.cz/vdbvo2/faces/cs/index.jsf?page=vystup-objekt&z=T&f=TABULKA&pvo=VZD16b&c=v3~15__RP2023&u=v23__VUZEMI__100__3018"","
2023,3026,St?edo?eský kraj,https://vdb.czso.cz/vdbvo2/faces/cs/index.jsf?page=vystup-objekt&z=T&f=TABULKA&pvo=VZD16b&c=v3~15__RP2023&u=v23__VUZEMI__100__3026,"""https://vdb.czso.cz/vdbvo2/faces/cs/index.jsf?page=vystup-objekt&z=T&f=TABULKA&pvo=VZD16b&c=v3~15__RP2023&u=v23__VUZEMI__100__3026"","
2023,3034,Jiho?eský kraj,https://vdb.czso.cz/vdbvo2/faces/cs/index.jsf?page=vystup-objekt&z=T&f=TABULKA&pvo=VZD16b&c=v3~15__RP2023&u=v23__VUZEMI__100__3034,"""https://vdb.czso.cz/vdbvo2/faces/cs/index.jsf?page=vystup-objekt&z=T&f=TABULKA&pvo=VZD16b&c=v3~15__RP2023&u=v23__VUZEMI__100__3034"","
2023,3042,Plze?ský kraj,https://vdb.czso.cz/vdbvo2/faces/cs/index.jsf?page=vystup-objekt&z=T&f=TABULKA&pvo=VZD16b&c=v3~15__RP2023&u=v23__VUZEMI__100__3042,"""https://vdb.czso.cz/vdbvo2/faces/cs/index.jsf?page=vystup-objekt&z=T&f=TABULKA&pvo=VZD16b&c=v3~15__RP2023&u=v23__VUZEMI__100__3042"","
2023,3051,Karlovarský kraj,https://vdb.czso.cz/vdbvo2/faces/cs/index.jsf?page=vystup-objekt&z=T&f=TABULKA&pvo=VZD16b&c=v3~15__RP2023&u=v23__VUZEMI__100__3051,"""https://vdb.czso.cz/vdbvo2/faces/cs/index.jsf?page=vystup-objekt&z=T&f=TABULKA&pvo=VZD16b&c=v3~15__RP2023&u=v23__VUZEMI__100__3051"","
2023,3069,Ústecký kraj,https://vdb.czso.cz/vdbvo2/faces/cs/index.jsf?page=vystup-objekt&z=T&f=TABULKA&pvo=VZD16b&c=v3~15__RP2023&u=v23__VUZEMI__100__3069,"""https://vdb.czso.cz/vdbvo2/faces/cs/index.jsf?page=vystup-objekt&z=T&f=TABULKA&pvo=VZD16b&c=v3~15__RP2023&u=v23__VUZEMI__100__3069"","
2023,3077,Liberecký kraj,https://vdb.czso.cz/vdbvo2/faces/cs/index.jsf?page=vystup-objekt&z=T&f=TABULKA&pvo=VZD16b&c=v3~15__RP2023&u=v23__VUZEMI__100__3077,"""https://vdb.czso.cz/vdbvo2/faces/cs/index.jsf?page=vystup-objekt&z=T&f=TABULKA&pvo=VZD16b&c=v3~15__RP2023&u=v23__VUZEMI__100__3077"","
2023,3085,Královéhradecký kraj,https://vdb.czso.cz/vdbvo2/faces/cs/index.jsf?page=vystup-objekt&z=T&f=TABULKA&pvo=VZD16b&c=v3~15__RP2023&u=v23__VUZEMI__100__3085,"""https://vdb.czso.cz/vdbvo2/faces/cs/index.jsf?page=vystup-objekt&z=T&f=TABULKA&pvo=VZD16b&c=v3~15__RP2023&u=v23__VUZEMI__100__3085"","
2023,3093,Pardubický kraj,https://vdb.czso.cz/vdbvo2/faces/cs/index.jsf?page=vystup-objekt&z=T&f=TABULKA&pvo=VZD16b&c=v3~15__RP2023&u=v23__VUZEMI__100__3093,"""https://vdb.czso.cz/vdbvo2/faces/cs/index.jsf?page=vystup-objekt&z=T&f=TABULKA&pvo=VZD16b&c=v3~15__RP2023&u=v23__VUZEMI__100__3093"","
2023,3107,Kraj Vyso?ina,https://vdb.czso.cz/vdbvo2/faces/cs/index.jsf?page=vystup-objekt&z=T&f=TABULKA&pvo=VZD16b&c=v3~15__RP2023&u=v23__VUZEMI__100__3107,"""https://vdb.czso.cz/vdbvo2/faces/cs/index.jsf?page=vystup-objekt&z=T&f=TABULKA&pvo=VZD16b&c=v3~15__RP2023&u=v23__VUZEMI__100__3107"","
2023,3115,Jihomoravský kraj,https://vdb.czso.cz/vdbvo2/faces/cs/index.jsf?page=vystup-objekt&z=T&f=TABULKA&pvo=VZD16b&c=v3~15__RP2023&u=v23__VUZEMI__100__3115,"""https://vdb.czso.cz/vdbvo2/faces/cs/index.jsf?page=vystup-objekt&z=T&f=TABULKA&pvo=VZD16b&c=v3~15__RP2023&u=v23__VUZEMI__100__3115"","
2023,3123,Olomoucký kraj,https://vdb.czso.cz/vdbvo2/faces/cs/index.jsf?page=vystup-objekt&z=T&f=TABULKA&pvo=VZD16b&c=v3~15__RP2023&u=v23__VUZEMI__100__3123,"""https://vdb.czso.cz/vdbvo2/faces/cs/index.jsf?page=vystup-objekt&z=T&f=TABULKA&pvo=VZD16b&c=v3~15__RP2023&u=v23__VUZEMI__100__3123"","
2023,3131,Zlínský kraj,https://vdb.czso.cz/vdbvo2/faces/cs/index.jsf?page=vystup-objekt&z=T&f=TABULKA&pvo=VZD16b&c=v3~15__RP2023&u=v23__VUZEMI__100__3131,"""https://vdb.czso.cz/vdbvo2/faces/cs/index.jsf?page=vystup-objekt&z=T&f=TABULKA&pvo=VZD16b&c=v3~15__RP2023&u=v23__VUZEMI__100__3131"","
2023,3140,Moravskoslezský kraj,https://vdb.czso.cz/vdbvo2/faces/cs/index.jsf?page=vystup-objekt&z=T&f=TABULKA&pvo=VZD16b&c=v3~15__RP2023&u=v23__VUZEMI__100__3140,"""https://vdb.czso.cz/vdbvo2/faces/cs/index.jsf?page=vystup-objekt&z=T&f=TABULKA&pvo=VZD16b&c=v3~15__RP2023&u=v23__VUZEMI__100__3140"","
2024,3018,Hlavní m?sto Praha,https://vdb.czso.cz/vdbvo2/faces/cs/index.jsf?page=vystup-objekt&z=T&f=TABULKA&pvo=VZD16b&c=v3~15__RP2024&u=v23__VUZEMI__100__3018,"""https://vdb.czso.cz/vdbvo2/faces/cs/index.jsf?page=vystup-objekt&z=T&f=TABULKA&pvo=VZD16b&c=v3~15__RP2024&u=v23__VUZEMI__100__3018"","
2024,3026,St?edo?eský kraj,https://vdb.czso.cz/vdbvo2/faces/cs/index.jsf?page=vystup-objekt&z=T&f=TABULKA&pvo=VZD16b&c=v3~15__RP2024&u=v23__VUZEMI__100__3026,"""https://vdb.czso.cz/vdbvo2/faces/cs/index.jsf?page=vystup-objekt&z=T&f=TABULKA&pvo=VZD16b&c=v3~15__RP2024&u=v23__VUZEMI__100__3026"","
2024,3034,Jiho?eský kraj,https://vdb.czso.cz/vdbvo2/faces/cs/index.jsf?page=vystup-objekt&z=T&f=TABULKA&pvo=VZD16b&c=v3~15__RP2024&u=v23__VUZEMI__100__3034,"""https://vdb.czso.cz/vdbvo2/faces/cs/index.jsf?page=vystup-objekt&z=T&f=TABULKA&pvo=VZD16b&c=v3~15__RP2024&u=v23__VUZEMI__100__3034"","
2024,3042,Plze?ský kraj,https://vdb.czso.cz/vdbvo2/faces/cs/index.jsf?page=vystup-objekt&z=T&f=TABULKA&pvo=VZD16b&c=v3~15__RP2024&u=v23__VUZEMI__100__3042,"""https://vdb.czso.cz/vdbvo2/faces/cs/index.jsf?page=vystup-objekt&z=T&f=TABULKA&pvo=VZD16b&c=v3~15__RP2024&u=v23__VUZEMI__100__3042"","
2024,3051,Karlovarský kraj,https://vdb.czso.cz/vdbvo2/faces/cs/index.jsf?page=vystup-objekt&z=T&f=TABULKA&pvo=VZD16b&c=v3~15__RP2024&u=v23__VUZEMI__100__3051,"""https://vdb.czso.cz/vdbvo2/faces/cs/index.jsf?page=vystup-objekt&z=T&f=TABULKA&pvo=VZD16b&c=v3~15__RP2024&u=v23__VUZEMI__100__3051"","
2024,3069,Ústecký kraj,https://vdb.czso.cz/vdbvo2/faces/cs/index.jsf?page=vystup-objekt&z=T&f=TABULKA&pvo=VZD16b&c=v3~15__RP2024&u=v23__VUZEMI__100__3069,"""https://vdb.czso.cz/vdbvo2/faces/cs/index.jsf?page=vystup-objekt&z=T&f=TABULKA&pvo=VZD16b&c=v3~15__RP2024&u=v23__VUZEMI__100__3069"","
2024,3077,Liberecký kraj,https://vdb.czso.cz/vdbvo2/faces/cs/index.jsf?page=vystup-objekt&z=T&f=TABULKA&pvo=VZD16b&c=v3~15__RP2024&u=v23__VUZEMI__100__3077,"""https://vdb.czso.cz/vdbvo2/faces/cs/index.jsf?page=vystup-objekt&z=T&f=TABULKA&pvo=VZD16b&c=v3~15__RP2024&u=v23__VUZEMI__100__3077"","
2024,3085,Královéhradecký kraj,https://vdb.czso.cz/vdbvo2/faces/cs/index.jsf?page=vystup-objekt&z=T&f=TABULKA&pvo=VZD16b&c=v3~15__RP2024&u=v23__VUZEMI__100__3085,"""https://vdb.czso.cz/vdbvo2/faces/cs/index.jsf?page=vystup-objekt&z=T&f=TABULKA&pvo=VZD16b&c=v3~15__RP2024&u=v23__VUZEMI__100__3085"","
2024,3093,Pardubický kraj,https://vdb.czso.cz/vdbvo2/faces/cs/index.jsf?page=vystup-objekt&z=T&f=TABULKA&pvo=VZD16b&c=v3~15__RP2024&u=v23__VUZEMI__100__3093,"""https://vdb.czso.cz/vdbvo2/faces/cs/index.jsf?page=vystup-objekt&z=T&f=TABULKA&pvo=VZD16b&c=v3~15__RP2024&u=v23__VUZEMI__100__3093"","
2024,3107,Kraj Vyso?ina,https://vdb.czso.cz/vdbvo2/faces/cs/index.jsf?page=vystup-objekt&z=T&f=TABULKA&pvo=VZD16b&c=v3~15__RP2024&u=v23__VUZEMI__100__3107,"""https://vdb.czso.cz/vdbvo2/faces/cs/index.jsf?page=vystup-objekt&z=T&f=TABULKA&pvo=VZD16b&c=v3~15__RP2024&u=v23__VUZEMI__100__3107"","
2024,3115,Jihomoravský kraj,https://vdb.czso.cz/vdbvo2/faces/cs/index.jsf?page=vystup-objekt&z=T&f=TABULKA&pvo=VZD16b&c=v3~15__RP2024&u=v23__VUZEMI__100__3115,"""https://vdb.czso.cz/vdbvo2/faces/cs/index.jsf?page=vystup-objekt&z=T&f=TABULKA&pvo=VZD16b&c=v3~15__RP2024&u=v23__VUZEMI__100__3115"","
2024,3123,Olomoucký kraj,https://vdb.czso.cz/vdbvo2/faces/cs/index.jsf?page=vystup-objekt&z=T&f=TABULKA&pvo=VZD16b&c=v3~15__RP2024&u=v23__VUZEMI__100__3123,"""https://vdb.czso.cz/vdbvo2/faces/cs/index.jsf?page=vystup-objekt&z=T&f=TABULKA&pvo=VZD16b&c=v3~15__RP2024&u=v23__VUZEMI__100__3123"","
2024,3131,Zlínský kraj,https://vdb.czso.cz/vdbvo2/faces/cs/index.jsf?page=vystup-objekt&z=T&f=TABULKA&pvo=VZD16b&c=v3~15__RP2024&u=v23__VUZEMI__100__3131,"""https://vdb.czso.cz/vdbvo2/faces/cs/index.jsf?page=vystup-objekt&z=T&f=TABULKA&pvo=VZD16b&c=v3~15__RP2024&u=v23__VUZEMI__100__3131"","
2024,3140,Moravskoslezský kraj,https://vdb.czso.cz/vdbvo2/faces/cs/index.jsf?page=vystup-objekt&z=T&f=TABULKA&pvo=VZD16b&c=v3~15__RP2024&u=v23__VUZEMI__100__3140,"""https://vdb.czso.cz/vdbvo2/faces/cs/index.jsf?page=vystup-objekt&z=T&f=TABULKA&pvo=VZD16b&c=v3~15__RP2024&u=v23__VUZEMI__100__3140"","
2025,3018,Hlavní m?sto Praha,https://vdb.czso.cz/vdbvo2/faces/cs/index.jsf?page=vystup-objekt&z=T&f=TABULKA&pvo=VZD16b&c=v3~15__RP2025&u=v23__VUZEMI__100__3018,"""https://vdb.czso.cz/vdbvo2/faces/cs/index.jsf?page=vystup-objekt&z=T&f=TABULKA&pvo=VZD16b&c=v3~15__RP2025&u=v23__VUZEMI__100__3018"","
2025,3026,St?edo?eský kraj,https://vdb.czso.cz/vdbvo2/faces/cs/index.jsf?page=vystup-objekt&z=T&f=TABULKA&pvo=VZD16b&c=v3~15__RP2025&u=v23__VUZEMI__100__3026,"""https://vdb.czso.cz/vdbvo2/faces/cs/index.jsf?page=vystup-objekt&z=T&f=TABULKA&pvo=VZD16b&c=v3~15__RP2025&u=v23__VUZEMI__100__3026"","
2025,3034,Jiho?eský kraj,https://vdb.czso.cz/vdbvo2/faces/cs/index.jsf?page=vystup-objekt&z=T&f=TABULKA&pvo=VZD16b&c=v3~15__RP2025&u=v23__VUZEMI__100__3034,"""https://vdb.czso.cz/vdbvo2/faces/cs/index.jsf?page=vystup-objekt&z=T&f=TABULKA&pvo=VZD16b&c=v3~15__RP2025&u=v23__VUZEMI__100__3034"","
2025,3042,Plze?ský kraj,https://vdb.czso.cz/vdbvo2/faces/cs/index.jsf?page=vystup-objekt&z=T&f=TABULKA&pvo=VZD16b&c=v3~15__RP2025&u=v23__VUZEMI__100__3042,"""https://vdb.czso.cz/vdbvo2/faces/cs/index.jsf?page=vystup-objekt&z=T&f=TABULKA&pvo=VZD16b&c=v3~15__RP2025&u=v23__VUZEMI__100__3042"","
2025,3051,Karlovarský kraj,https://vdb.czso.cz/vdbvo2/faces/cs/index.jsf?page=vystup-objekt&z=T&f=TABULKA&pvo=VZD16b&c=v3~15__RP2025&u=v23__VUZEMI__100__3051,"""https://vdb.czso.cz/vdbvo2/faces/cs/index.jsf?page=vystup-objekt&z=T&f=TABULKA&pvo=VZD16b&c=v3~15__RP2025&u=v23__VUZEMI__100__3051"","
2025,3069,Ústecký kraj,https://vdb.czso.cz/vdbvo2/faces/cs/index.jsf?page=vystup-objekt&z=T&f=TABULKA&pvo=VZD16b&c=v3~15__RP2025&u=v23__VUZEMI__100__3069,"""https://vdb.czso.cz/vdbvo2/faces/cs/index.jsf?page=vystup-objekt&z=T&f=TABULKA&pvo=VZD16b&c=v3~15__RP2025&u=v23__VUZEMI__100__3069"","
2025,3077,Liberecký kraj,https://vdb.czso.cz/vdbvo2/faces/cs/index.jsf?page=vystup-objekt&z=T&f=TABULKA&pvo=VZD16b&c=v3~15__RP2025&u=v23__VUZEMI__100__3077,"""https://vdb.czso.cz/vdbvo2/faces/cs/index.jsf?page=vystup-objekt&z=T&f=TABULKA&pvo=VZD16b&c=v3~15__RP2025&u=v23__VUZEMI__100__3077"","
2025,3085,Královéhradecký kraj,https://vdb.czso.cz/vdbvo2/faces/cs/index.jsf?page=vystup-objekt&z=T&f=TABULKA&pvo=VZD16b&c=v3~15__RP2025&u=v23__VUZEMI__100__3085,"""https://vdb.czso.cz/vdbvo2/faces/cs/index.jsf?page=vystup-objekt&z=T&f=TABULKA&pvo=VZD16b&c=v3~15__RP2025&u=v23__VUZEMI__100__3085"","
2025,3093,Pardubický kraj,https://vdb.czso.cz/vdbvo2/faces/cs/index.jsf?page=vystup-objekt&z=T&f=TABULKA&pvo=VZD16b&c=v3~15__RP2025&u=v23__VUZEMI__100__3093,"""https://vdb.czso.cz/vdbvo2/faces/cs/index.jsf?page=vystup-objekt&z=T&f=TABULKA&pvo=VZD16b&c=v3~15__RP2025&u=v23__VUZEMI__100__3093"","
2025,3107,Kraj Vyso?ina,https://vdb.czso.cz/vdbvo2/faces/cs/index.jsf?page=vystup-objekt&z=T&f=TABULKA&pvo=VZD16b&c=v3~15__RP2025&u=v23__VUZEMI__100__3107,"""https://vdb.czso.cz/vdbvo2/faces/cs/index.jsf?page=vystup-objekt&z=T&f=TABULKA&pvo=VZD16b&c=v3~15__RP2025&u=v23__VUZEMI__100__3107"","
2025,3115,Jihomoravský kraj,https://vdb.czso.cz/vdbvo2/faces/cs/index.jsf?page=vystup-objekt&z=T&f=TABULKA&pvo=VZD16b&c=v3~15__RP2025&u=v23__VUZEMI__100__3115,"""https://vdb.czso.cz/vdbvo2/faces/cs/index.jsf?page=vystup-objekt&z=T&f=TABULKA&pvo=VZD16b&c=v3~15__RP2025&u=v23__VUZEMI__100__3115"","
2025,3123,Olomoucký kraj,https://vdb.czso.cz/vdbvo2/faces/cs/index.jsf?page=vystup-objekt&z=T&f=TABULKA&pvo=VZD16b&c=v3~15__RP2025&u=v23__VUZEMI__100__3123,"""https://vdb.czso.cz/vdbvo2/faces/cs/index.jsf?page=vystup-objekt&z=T&f=TABULKA&pvo=VZD16b&c=v3~15__RP2025&u=v23__VUZEMI__100__3123"","
2025,3131,Zlínský kraj,https://vdb.czso.cz/vdbvo2/faces/cs/index.jsf?page=vystup-objekt&z=T&f=TABULKA&pvo=VZD16b&c=v3~15__RP2025&u=v23__VUZEMI__100__3131,"""https://vdb.czso.cz/vdbvo2/faces/cs/index.jsf?page=vystup-objekt&z=T&f=TABULKA&pvo=VZD16b&c=v3~15__RP2025&u=v23__VUZEMI__100__3131"","
2025,3140,Moravskoslezský kraj,https://vdb.czso.cz/vdbvo2/faces/cs/index.jsf?page=vystup-objekt&z=T&f=TABULKA&pvo=VZD16b&c=v3~15__RP2025&u=v23__VUZEMI__100__3140,"""https://vdb.czso.cz/vdbvo2/faces/cs/index.jsf?page=vystup-objekt&z=T&f=TABULKA&pvo=VZD16b&c=v3~15__RP2025&u=v23__VUZEMI__100__3140"","
